AA,Codon,Posterior,Std.Dev,X0.025.,X0.975.
A,GCA,-0.154439960970973,0.039367390372686,-0.231911987066269,-0.0772696137428284
A,GCC,0.0268696712688556,0.0122967381780569,0.00310324589566638,0.0511994344803194
C,TGC,0.374748480215669,0.0333719189534067,0.310242630789677,0.440425785879294
D,GAC,-0.0885459758453188,0.0181738595461254,-0.123313247039914,-0.0525397635065019
E,GAA,-0.242787901197374,0.0199786654681006,-0.28333140561978,-0.204605208461483
F,TTC,-0.252496344952285,0.0129335865447917,-0.277595509837071,-0.227130905538797
G,GGA,0.522251606988807,0.0580558757241282,0.408876419067383,0.637820959091187
G,GGC,0.756825043517351,0.0384706165099345,0.681881558895111,0.834747818609079
H,CAC,-0.189832561963797,0.0222301648832547,-0.234223812445998,-0.147126489877701
I,ATC,-0.0952304964616895,0.0080488656298803,-0.110949569195509,-0.079436096486946
K,AAA,0.244504591566324,0.0139426877173899,0.217820019026597,0.272163444012403
L,CTA,-0.228600629029387,0.0265848512268165,-0.280696660280228,-0.176818460226059
L,CTC,0.464869231727645,0.0459253611827657,0.375319957733154,0.555311679840088
L,TTA,0.206280583155155,0.0113500971781172,0.184090558936199,0.229001313075423
N,AAC,-0.331424958485365,0.0234527239825764,-0.37781621341904,-0.285518472145001
P,CCA,-0.740497671765764,0.0916052919036301,-0.924465015530586,-0.566842406988144
P,CCC,0.0572254059306984,0.0615784452532308,-0.0638683582345645,0.180069526409109
Q,CAA,-0.379959381562471,0.0300304496544302,-0.440184778471788,-0.322631003459295
R,AGA,-0.540607972928031,0.0319540627368279,-0.603710375842638,-0.479106816463172
R,CGA,-0.0245672337544726,0.16690361282126,-0.361829876899719,0.29815411567688
R,CGC,0.732391815194488,0.0682592888601092,0.604030180474122,0.870347266892592
S,TCA,-0.0729182381747234,0.0424185624630866,-0.155249148607254,0.0099298357963562
S,TCC,-0.0408650277999026,0.0142478107072303,-0.0686965454369783,-0.0128389389719814
T,ACA,-0.178809608185772,0.0344940443654431,-0.247222483158112,-0.112888187170029
T,ACC,-0.0536611039330252,0.0114699913905431,-0.0759879594047864,-0.0311616747329632
V,GTA,0.234081829429185,0.0209885521896094,0.19385901093483,0.27550795674324
V,GTC,-0.0529353176724166,0.0070471354705197,-0.066695312038064,-0.0390086814761162
Y,TAC,-0.267870773226023,0.0153761905119496,-0.297745784123739,-0.237684316808979
Z,AGC,0.128978275406774,0.0451418919779537,0.0407030603848398,0.219097919762135
