AA,Codon,Posterior,Std.Dev,X0.025.,X0.975.
A,GCA,-0.055387652447171,0.0585675561537246,-0.170949965715408,0.0586822032928467
A,GCC,0.0997512777259664,0.0362844223794243,0.028357115900144,0.170941295226415
C,TGC,0.320468608650565,0.0667155545634529,0.192599055916071,0.455006002386411
D,GAC,-0.0536658296167955,0.0315062237074794,-0.116152432312568,0.00632069058095411
E,GAA,-0.105175882773395,0.0331748766813946,-0.17137787565589,-0.0392824882951876
F,TTC,-0.232863317984343,0.0326140903469257,-0.296131998300552,-0.168813493102789
G,GGA,0.366690357848473,0.0640129729585359,0.240688979625702,0.489994257688522
G,GGC,0.30556799980402,0.0429520491344187,0.222120273982485,0.390112007409334
H,CAC,-0.173379323363918,0.0505782700307518,-0.271766267468532,-0.0739390581846238
I,ATC,-0.0866975463199153,0.0328451259942154,-0.150222475702564,-0.0220573103365799
K,AAA,0.282262643018365,0.0292296097148042,0.224624604483445,0.339737627158562
L,CTA,-0.0189928587821469,0.0465430416443318,-0.109389632940292,0.0705070197582245
L,CTC,0.341501896872591,0.0659378197629702,0.214205503463745,0.468188792467117
L,TTA,0.268697127875686,0.0313340689255779,0.207667562365532,0.330176745603482
N,AAC,-0.249576517987251,0.0310820409714398,-0.310902533183495,-0.188868368168672
P,CCA,-0.417771000853776,0.061426052436107,-0.540529638528824,-0.298729032278061
P,CCC,0.300690398686379,0.0607323965407372,0.183707983543475,0.423603927344084
Q,CAA,-0.135048390376431,0.0417242336659414,-0.217147307346265,-0.0522358097136021
R,AGA,-0.285394392725216,0.0522983259272889,-0.388018094003201,-0.182872608304024
R,CGA,0.0463744971993184,0.142284446533088,-0.234093546867371,0.322354674339294
R,CGC,0.471500442362577,0.104382305016103,0.267813879996538,0.67684716929992
S,TCA,0.0264972334917802,0.0486849482728126,-0.0682617425918579,0.120016768574715
S,TCC,-0.0835105429349653,0.0333570369629405,-0.148722820356488,-0.01843746441106
T,ACA,-0.120249637136542,0.0518981172793324,-0.221917331218719,-0.0206474959850311
T,ACC,-0.0651963856622861,0.0360830178716635,-0.135680020724734,0.00619223761993149
V,GTA,0.364683990218412,0.0502947322852909,0.265094235539436,0.463106259703636
V,GTC,-0.06844069417547,0.0372023447203711,-0.14098932556808,0.0043278714098657
Y,TAC,-0.34672202693671,0.0384882708833907,-0.422014651447535,-0.272112562755744
Z,AGC,-0.0494124699648178,0.0488691519415392,-0.147081545988719,0.0459756747198601
