AA,Codon,Posterior,Std.Dev,X0.025.,X0.975.
A,GCA,-0.196413197248367,0.0195615341863358,-0.23410701751709,-0.157785654067993
A,GCC,0.0762881226491183,0.00623519533322412,0.0639375766118368,0.088578093983233
C,TGC,0.395227788555622,0.0224111840578324,0.352759640663862,0.440129341185093
D,GAC,-0.11737984155789,0.00489568967708973,-0.12691280990839,-0.107676675543189
E,GAA,-0.274609968981147,0.00898093088595176,-0.291999617218971,-0.25711929773291
F,TTC,-0.301423603612185,0.00963832644161287,-0.320266635467609,-0.282702649384737
G,GGA,0.050579777789967,0.0157578559705101,0.0197966694831848,0.0814908742904663
G,GGC,0.401870299071074,0.00792388935736703,0.386364038536946,0.417306897540887
H,CAC,-0.197875912579894,0.00949482219596933,-0.216674754892786,-0.179529370367527
I,ATC,-0.0974927141085267,0.00728418681971281,-0.111834448575974,-0.0830773592616121
K,AAA,0.287950075277686,0.00588931020254997,0.276518005381028,0.299750764171282
L,CTA,-0.282221534141075,0.0188843503173318,-0.319767594337463,-0.244987368583679
L,CTC,0.298892032541689,0.0290799327982722,0.242519378662109,0.357514470815659
L,TTA,0.220347941187024,0.00778740457794217,0.205385311817129,0.235954135035475
N,AAC,-0.306285816895962,0.00648308286576751,-0.318875009318193,-0.293744833519061
P,CCA,-0.840305737114801,0.0162412783962492,-0.872272431850433,-0.808678075671196
P,CCC,0.323164695933461,0.0131021880977496,0.297766288618247,0.348799252261718
Q,CAA,-0.418669468837976,0.0131596848751774,-0.444596624126037,-0.393227296570937
R,AGA,-0.565296017629373,0.0154729536161819,-0.595770537853241,-0.535138418897986
R,CGA,0.0256932733798192,0.064911919232997,-0.100388646125793,0.151954293251038
R,CGC,0.564877739045024,0.0274824065431864,0.512549070517222,0.620064590374629
S,TCA,-0.137000847224557,0.0150346793078296,-0.167021811008453,-0.107998758554459
S,TCC,-0.0038017633889574,0.00539291141804303,-0.0141113754361868,0.00704131369323779
T,ACA,-0.233578625961776,0.0162545959079753,-0.265350937843323,-0.201827257871628
T,ACC,-0.0468393725655973,0.00545148172679762,-0.0575215911803146,-0.0360108540703853
V,GTA,0.15446804754556,0.0176452252578779,0.119695544242859,0.189168155193329
V,GTC,-0.0398445373663679,0.00647103029212967,-0.0523668431987365,-0.0270603805314749
Y,TAC,-0.269702340516448,0.0105404512568482,-0.290099000682433,-0.2485879894346
Z,AGC,0.013817738475665,0.0137534164917136,-0.0130586710525677,0.0413385963067412
