AA,Codon,Posterior,Std.Dev,X0.025.,X0.975.
A,GCA,-0.0875822277965933,0.023697270301276,-0.134949713945389,-0.0412563979625702
A,GCC,0.0337910203400279,0.0114437954310621,0.0112289156531915,0.0561334161398311
C,TGC,0.410962451580167,0.0302176075641155,0.352116118868192,0.470986994107564
D,GAC,-0.111588480003178,0.0113750630972492,-0.133899240692457,-0.0896467741578817
E,GAA,-0.191176819801331,0.0131051792781905,-0.216764313230912,-0.165323752909899
F,TTC,-0.264805139531195,0.0126591745012949,-0.290019407620033,-0.240016254410148
G,GGA,0.330836660914893,0.0266844186662882,0.278174579143524,0.383585155010223
G,GGC,0.44785798034668,0.0172184503256444,0.414166024327278,0.48175032188495
H,CAC,-0.158528725614399,0.0190706333847539,-0.195153975610932,-0.120423063822091
I,ATC,-0.107135209685564,0.0112974594165275,-0.129002065459887,-0.0845939515779416
K,AAA,0.265227904318273,0.0105718297099137,0.244636828452349,0.286182849357526
L,CTA,-0.118216615063335,0.0193639628801176,-0.155829191207886,-0.080260843038559
L,CTC,0.319981358409727,0.0282972284934823,0.264450013637543,0.375971287488937
L,TTA,0.239180450962484,0.0111621531138658,0.217320765927434,0.261060430109501
N,AAC,-0.299913929277658,0.0124446796767202,-0.324151894201835,-0.275217276314894
P,CCA,-0.664808684306471,0.0284959285700268,-0.721167832612991,-0.609201103448868
P,CCC,0.17310765177682,0.0225548971632791,0.128328686580062,0.216432235141595
Q,CAA,-0.316635058930516,0.0176723704926608,-0.351449500769377,-0.282413198798895
R,AGA,-0.432881511489681,0.0204312513331541,-0.473002195358276,-0.393120459746569
R,CGA,0.202032790209291,0.0743839806699747,0.054523229598999,0.346623063087463
R,CGC,0.596411178386211,0.0422351381341496,0.515016640722752,0.680171741048495
S,TCA,0.00748165232362109,0.0218114876686459,-0.0347037315368652,0.0499047338962555
S,TCC,-0.0465486551139213,0.0122184608128188,-0.0703031700725357,-0.0226523064853003
T,ACA,-0.130588561966948,0.0232260180290725,-0.176152855157852,-0.0859756171703339
T,ACC,-0.0427005330461936,0.0130620045337436,-0.0683772992963592,-0.0173546904853235
V,GTA,0.305263582831227,0.0210671581416793,0.263125598430634,0.346206307411194
V,GTC,-0.0681895186038688,0.0124182537752305,-0.0925767119353016,-0.0438229809515179
Y,TAC,-0.265868835768104,0.0146879879122771,-0.294743208835522,-0.237408876915773
Z,AGC,0.0604320331011244,0.0228631093453801,0.0162851426905642,0.105352501447002
