AA,Codon,Posterior,Std.Dev,X0.025.,X0.975.
A,GCA,-0.158324650890433,0.0332620648555446,-0.2244031727314,-0.0941634774208069
A,GCC,0.0196646294003314,0.0094213857503639,0.0011820803018054,0.0380799011948208
C,TGC,0.351320687250793,0.0270897507342246,0.300199488798777,0.405494263271491
D,GAC,-0.078557835822925,0.0134751806737705,-0.105102925064663,-0.052109800837934
E,GAA,-0.269393133760989,0.0172285334515642,-0.303437941273054,-0.235637232040366
F,TTC,-0.261030324691534,0.0102973285034073,-0.281152392178774,-0.240599797541897
G,GGA,0.365746486438488,0.0477346091102303,0.272304356098175,0.459677517414093
G,GGC,0.696025354331732,0.0304320561397035,0.63765303393205,0.755757861336072
H,CAC,-0.197908467261493,0.0179457453790237,-0.233228216320276,-0.161947821949919
I,ATC,-0.101811538150907,0.00629025419916054,-0.114119564431409,-0.0894355884442727
K,AAA,0.246858569271863,0.0112673877094557,0.224778725703557,0.268809170027574
L,CTA,-0.240299878221979,0.0226737773931802,-0.284247100353241,-0.195958971977234
L,CTC,0.37663934765345,0.0361455791024148,0.307337939739227,0.448649168014526
L,TTA,0.225102181655169,0.00928872564302814,0.207168799638748,0.243276788170139
N,AAC,-0.324926380768418,0.0185262700120408,-0.361223248889049,-0.288772065937519
P,CCA,-0.778119034514631,0.0819157884987675,-0.942514628171921,-0.623605981469154
P,CCC,0.0786761451676259,0.0539247935149856,-0.0260443947122743,0.188287173956633
Q,CAA,-0.421923821368814,0.0263126268377987,-0.475364137689273,-0.371712697048982
R,AGA,-0.575795475263514,0.0280676847562268,-0.631605916656554,-0.520904053002596
R,CGA,-0.0116395286745625,0.140225745642553,-0.289116024971008,0.256314754486084
R,CGC,0.742770404571295,0.0602131398543666,0.627767894168695,0.864691257476807
S,TCA,-0.096267330141118,0.0346607975152597,-0.164710611104965,-0.0291137099266052
S,TCC,-0.0470606746857986,0.0108857402405184,-0.0680513331666589,-0.0256739296019077
T,ACA,-0.211410338140085,0.0290534301050149,-0.268419295549393,-0.153272271156311
T,ACC,-0.0457311916299164,0.00890343363372836,-0.0634045618896683,-0.028432283597067
V,GTA,0.226139606442908,0.0179882504840102,0.191090643405914,0.261166423559189
V,GTC,-0.0523038772724569,0.00533203334810177,-0.0628588423132896,-0.0418123928519587
Y,TAC,-0.29911810734272,0.0128328864604459,-0.324004983901978,-0.274204729745785
Z,AGC,0.0756151865218344,0.0348801572068752,0.00734253782623758,0.143747250611583
