AA,Codon,Posterior,Std.Dev,X0.025.,X0.975.
A,GCA,-0.120812328463613,0.0143626507965751,-0.148921996355057,-0.0928502380847931
A,GCC,0.048319742978178,0.00480802310439828,0.0390465320708851,0.0577347360240916
C,TGC,0.441112238323689,0.0183701632074954,0.405214185019334,0.477247819304466
D,GAC,-0.102921423986554,0.00526014939619165,-0.113236228935421,-0.0926498239859939
E,GAA,-0.245567299476266,0.00738321315813211,-0.260109858214855,-0.231144838035107
F,TTC,-0.271374371534586,0.00674247299301537,-0.284527793029944,-0.258189615110556
G,GGA,0.277043288480686,0.0174315325773122,0.242590844631195,0.311230063438416
G,GGC,0.519919283825159,0.010082914338177,0.500186204910278,0.540037141740322
H,CAC,-0.184173630972207,0.00908972253407796,-0.202122559646765,-0.166734125092626
I,ATC,-0.0886928109556437,0.00481486995008135,-0.0980634816611807,-0.0791508644198378
K,AAA,0.273189578965306,0.00539687996259714,0.262644751866659,0.283828657865524
L,CTA,-0.17468199857997,0.0118013583060611,-0.197887629270554,-0.15156963467598
L,CTC,0.364103019258378,0.021259722806194,0.322031736373901,0.405469059944153
L,TTA,0.225937243914604,0.00557726752995365,0.215065089489023,0.236901640767852
N,AAC,-0.301704314026237,0.00708282288206989,-0.315439195682605,-0.288008596499761
P,CCA,-0.746192189539722,0.0191640639493975,-0.784037306904793,-0.709209322929382
P,CCC,0.251511343696713,0.0142771592911991,0.223074495792389,0.279369579007228
Q,CAA,-0.389238252517581,0.0112922734335088,-0.411593709389369,-0.367221097399791
R,AGA,-0.535703630438486,0.0129499187514443,-0.561119737103581,-0.510277641238645
R,CGA,0.172628882813127,0.0628850401365692,0.0509055852890015,0.297930479049683
R,CGC,0.692443496912718,0.0267734664564507,0.641482847929001,0.746537512540817
S,TCA,-0.0465581350154417,0.0148079329258512,-0.0752359926700592,-0.0177629292011261
S,TCC,-0.0193813188457512,0.00561399736094495,-0.0303807096711049,-0.00847284365445376
T,ACA,-0.180376820171634,0.0154776405913296,-0.210715025663376,-0.150269538164139
T,ACC,-0.0485287025583908,0.00562004155276367,-0.059360005085667,-0.0375120444223285
V,GTA,0.2703126390336,0.0132131410106439,0.244385004043579,0.296213150024414
V,GTC,-0.0532897106222808,0.00471485140537151,-0.0626636631165942,-0.0439787110934655
Y,TAC,-0.277741185615957,0.00802254458180084,-0.293406414240599,-0.261915259311597
Z,AGC,0.100938603638113,0.0152816915902497,0.0713187641153733,0.130640915284554
