AA,Codon,Posterior,Std.Dev,X0.025.,X0.975.
A,GCA,-0.208862936183246,0.0340884723710482,-0.276465445756912,-0.143679916858673
A,GCC,0.0569025288229808,0.00826563627687474,0.0407320547538499,0.0732681859284639
C,TGC,0.363367359788716,0.0452388625090754,0.276768065243959,0.453730982045333
D,GAC,-0.125376485244185,0.0116836754286201,-0.148683951050043,-0.103177096570532
E,GAA,-0.27790399979502,0.0175768782970813,-0.312757284939289,-0.243771644930045
F,TTC,-0.262502505788207,0.0151578892680579,-0.292064124345779,-0.232948275655508
G,GGA,-0.00520565365924917,0.0473396067900448,-0.100451171398163,0.0856406092643738
G,GGC,0.415723068588972,0.0219195491435255,0.37438791791598,0.459485987573862
H,CAC,-0.198537823885679,0.0175953912253554,-0.233508470406135,-0.164582958444953
I,ATC,-0.0941521159317344,0.0100847278922423,-0.114301097951829,-0.0748313015947739
K,AAA,0.266171025258303,0.00964954423341939,0.247625063856443,0.285332371542851
L,CTA,-0.21114780910372,0.0270205084625138,-0.26451513171196,-0.157573074102402
L,CTC,0.233006991317136,0.044153134965956,0.148494869470596,0.319838613271713
L,TTA,0.211377967588603,0.0109017298782793,0.189997454732656,0.232613117744525
N,AAC,-0.298468336126208,0.0141064010484895,-0.326892647147179,-0.270852189014355
P,CCA,-0.839344472694297,0.0453482488089613,-0.929032683372498,-0.75217068195343
P,CCC,0.29271103028506,0.0327480545383471,0.230859844386578,0.358353417615096
Q,CAA,-0.431874493589997,0.0238340525011271,-0.478812078634898,-0.386319865783056
R,AGA,-0.515083260814895,0.0278109526529342,-0.57009154651314,-0.461077448446304
R,CGA,0.187732833145309,0.128573242815119,-0.0610784292221069,0.436006307601929
R,CGC,0.543789194077253,0.0524249915060751,0.44257595539093,0.650530423223972
S,TCA,-0.105103498500009,0.0279538908315155,-0.160560548305511,-0.0506033599376678
S,TCC,-0.00222100638196805,0.00888359301663602,-0.0197461565490812,0.0157729023446639
T,ACA,-0.207861251082376,0.0326557280452389,-0.272670269012451,-0.14409813284874
T,ACC,-0.0520963375445455,0.00916328549141717,-0.0697573292379578,-0.0339214858909448
V,GTA,0.215134902008056,0.0310636142154497,0.154774487018585,0.275564283132553
V,GTC,-0.0530222055032849,0.00828009582007815,-0.0690557186181347,-0.0363764176145196
Y,TAC,-0.299438336347044,0.019289201106731,-0.337637089937925,-0.262172133972247
Z,AGC,0.0141440443681821,0.0251147818358527,-0.0348875925565759,0.0633071107789874
