AA,Codon,Posterior,Std.Dev,X0.025.,X0.975.
A,GCA,-0.0374580310733423,0.111188357955151,-0.260166943073273,0.175718784332275
A,GCC,0.0787847964873731,0.0562759546384884,-0.0308244871596495,0.189552588636676
C,TGC,0.255910914078589,0.101793241576851,0.0617682217930754,0.457596175869306
D,GAC,0.0310660590586915,0.0777804425834625,-0.115320814525088,0.188646328449249
E,GAA,-0.216000498037878,0.0665184209064346,-0.351719280332327,-0.0882796955605348
F,TTC,-0.180588189952634,0.045253078113349,-0.268985683470964,-0.0924163261428476
G,GGA,0.411167711536535,0.150762752718783,0.118366718292236,0.712565779685974
G,GGC,0.773713029757142,0.116758328053262,0.558773805697759,1.00851332147916
H,CAC,-0.107482745013627,0.0954012066191765,-0.295404819150766,0.081833198852837
I,ATC,-0.0651739444716574,0.0350089199640755,-0.134113717079163,0.00311202960438093
K,AAA,0.270839737893641,0.0536958042390408,0.166153544560075,0.377708671490351
L,CTA,-0.145869125709952,0.0847859739027304,-0.316552996635437,0.0167653560638428
L,CTC,0.580655170156293,0.124201229738964,0.341227263212204,0.830848351120949
L,TTA,0.270562462381274,0.0493952361299935,0.17499599258105,0.368994124482075
N,AAC,-0.262235854176385,0.0773755249280269,-0.414857442677021,-0.10947373646001
P,CCA,-0.485384839583501,0.26069551735084,-1.01848722994328,-0.00372633337974548
P,CCC,0.0296874662866403,0.191476714874068,-0.333636385450761,0.420328841606775
Q,CAA,-0.242012969842477,0.0798332349253284,-0.399903751909733,-0.0880182190487783
R,AGA,-0.456929414268574,0.100537992800942,-0.659035250544548,-0.265019118785858
R,CGA,-0.074195430709319,0.335107634493735,-0.743984699249268,0.566248655319214
R,CGC,0.881717038204707,0.218502863267552,0.459105913341045,1.3229378948609
S,TCA,-0.0583115344377842,0.107174268407901,-0.270253956317902,0.148856043815613
S,TCC,0.0318652301823604,0.0631812386292771,-0.0886848704889417,0.159946096067627
T,ACA,-0.0628180348888634,0.0788992857680361,-0.217146337032318,0.0943954885005951
T,ACC,-0.059189440808111,0.0483119286528459,-0.15354205245773,0.0376849886961281
V,GTA,0.297505395793698,0.0633603645304156,0.173007696866989,0.424647271633148
V,GTC,-0.0680996365684169,0.0396298895718928,-0.147310149297118,0.00972289692144837
Y,TAC,-0.377842344681919,0.0522139469831052,-0.4819904319942,-0.276997059335311
Z,AGC,-0.0758520977705024,0.107921744785419,-0.286406141519547,0.137488083541393
