AA,Codon,Posterior,Std.Dev,X0.025.,X0.975.
A,GCA,-0.17900664206088,0.0211754818206859,-0.220622926950455,-0.138498544692993
A,GCC,0.0678335636395961,0.0075407845875384,0.053080981100599,0.0826478832090894
C,TGC,0.452286030876636,0.0263824168985987,0.40075635612011,0.505142306784789
D,GAC,-0.109983478735387,0.00584685999612217,-0.121423370018601,-0.098510384435455
E,GAA,-0.26795986956805,0.0101577242775998,-0.287938633064429,-0.248092961062988
F,TTC,-0.300389499852061,0.0108956362548286,-0.322046850373348,-0.279362120230993
G,GGA,0.139437851077639,0.0167993430691784,0.106151640415192,0.172672867774963
G,GGC,0.420750388929248,0.00882177800999361,0.403698043028514,0.43827401449283
H,CAC,-0.192976993653178,0.0109664962988931,-0.214590951924523,-0.171616612250606
I,ATC,-0.0909157998137176,0.0086605177955123,-0.107919086950521,-0.0737640603755911
K,AAA,0.299944186103344,0.00705544065413336,0.286402915914853,0.31428960536917
L,CTA,-0.219346380026063,0.0196581123119793,-0.257320314645767,-0.180512011051178
L,CTC,0.291317686490709,0.0325787770425297,0.228741049766541,0.355601370334625
L,TTA,0.232001452536881,0.00913656898088651,0.21446965187788,0.249996571615338
N,AAC,-0.306003496026993,0.00723554793364018,-0.320119587828716,-0.291676459709803
P,CCA,-0.815665484841031,0.0179209273527591,-0.850662410259247,-0.780517503619194
P,CCC,0.273215489144623,0.0135861074151999,0.24725675471127,0.300244533270597
Q,CAA,-0.404200926333666,0.0146857091792426,-0.432866788158814,-0.375374844670296
R,AGA,-0.521522636674696,0.0163170179711341,-0.553818298503757,-0.489521458745003
R,CGA,0.141579619837623,0.0784235249928667,-0.0119235515594482,0.291665196418762
R,CGC,0.635133794468641,0.0330163443327879,0.571226846178373,0.700426550209522
S,TCA,-0.0984920325243238,0.0161283929282041,-0.130541503429413,-0.0671029090881348
S,TCC,0.0010418406515668,0.00670730616204014,-0.0121418431168422,0.0141591258114204
T,ACA,-0.170308554661821,0.017415048578765,-0.20452806353569,-0.136737912893295
T,ACC,-0.0521086667701602,0.00678973108065652,-0.0654141033689181,-0.0386934398052593
V,GTA,0.226982294815848,0.019754220925154,0.188571244478226,0.265971690416336
V,GTC,-0.0468036829713732,0.00821359352320732,-0.06259220999976,-0.0303572588134557
Y,TAC,-0.272928352227807,0.0119278698241177,-0.296494693557421,-0.249695948387186
Z,AGC,0.00919322738636334,0.0152207959572091,-0.0207643037972351,0.0390801959981521
