AA,Codon,Posterior,Std.Dev,X0.025.,X0.975.
A,GCA,-0.099891759457439,0.0567415408731828,-0.213913947343826,0.00907331705093384
A,GCC,0.0293974621206445,0.0122465402509416,0.00599224768423786,0.0540721433547636
C,TGC,0.300894040042162,0.0443901239069718,0.216876324390372,0.393001339584589
D,GAC,-0.111944516960904,0.0171162883172223,-0.145545119171341,-0.0780112784355879
E,GAA,-0.302941918666661,0.0296914676535782,-0.362647759914398,-0.246292673672239
F,TTC,-0.265144178366661,0.0161644981741254,-0.29705712745587,-0.233258713533481
G,GGA,0.445889208623379,0.0784541434498017,0.295669555664062,0.59818434715271
G,GGC,0.643413681265712,0.0451344987530483,0.5578686495622,0.734624846776326
H,CAC,-0.244917156288028,0.0266540865127701,-0.298863446960847,-0.193547433863084
I,ATC,-0.0988603803567588,0.00854517764782602,-0.115939574191968,-0.0822804282729824
K,AAA,0.28294278588742,0.0163814359176313,0.251822644720475,0.315958606700102
L,CTA,-0.232661755215989,0.0394001521411124,-0.30888631939888,-0.156973123550415
L,CTC,0.580032763096967,0.0799283962830163,0.429473012685776,0.742464929819107
L,TTA,0.242575441026688,0.013973411232061,0.214918069665631,0.269631537546714
N,AAC,-0.334636616300046,0.0260069946553673,-0.386919855823119,-0.285030217468739
P,CCA,-0.955872270767062,0.114435193857233,-1.19464471936226,-0.743646681308746
P,CCC,0.18047359539473,0.0624797495665673,0.0626104714348912,0.305638006826242
Q,CAA,-0.431217981284857,0.0456450890892125,-0.523617444435755,-0.346497744818529
R,AGA,-0.576695113533726,0.0447564555313614,-0.667350869625807,-0.492012873291969
R,CGA,0.152210829973388,0.308633051526569,-0.454491138458252,0.754297375679016
R,CGC,0.930924774026871,0.128797769812525,0.68932907730341,1.19285723567009
S,TCA,-0.160421149806492,0.0632857272416867,-0.286682069301605,-0.0377775728702545
S,TCC,-0.0558988821626175,0.0135766027351734,-0.0824644151454171,-0.0292606255350014
T,ACA,-0.174812548146368,0.0503328112411457,-0.273700773715973,-0.076028048992157
T,ACC,-0.041402404240286,0.011777788224202,-0.0642500184476376,-0.0181290765292943
V,GTA,0.270311385849073,0.0322766258943975,0.207467257976532,0.333792120218277
V,GTC,-0.0508499031154439,0.00702351811859634,-0.0646180019403497,-0.0372566086550554
Y,TAC,-0.319601831373572,0.0209569389617998,-0.362346733858188,-0.280067995935678
Z,AGC,0.0838050916889814,0.0643035858194403,-0.0403612268467744,0.213118537639578
