AA,Codon,Posterior,Std.Dev,X0.025.,X0.975.
A,GCA,-0.133911094404128,0.0252621683708426,-0.18471360206604,-0.0853635966777802
A,GCC,0.0503202772090212,0.00553720385674221,0.0395947475917637,0.0611773771544297
C,TGC,0.40388950124979,0.0356302695597119,0.335056684414546,0.475638090074062
D,GAC,-0.118770995361358,0.00695008121956408,-0.132603748391072,-0.105072891525924
E,GAA,-0.258188518972695,0.0106896737504868,-0.27951506053408,-0.237732164437572
F,TTC,-0.263156041482091,0.0110192211731199,-0.284849041700363,-0.241757627700766
G,GGA,0.0908139463830335,0.0328552816750191,0.0254384279251099,0.155228674411774
G,GGC,0.446540120768547,0.0160476884194773,0.415616319080194,0.47796755383412
H,CAC,-0.20939014621228,0.0130130315624906,-0.235273977865775,-0.184156058356166
I,ATC,-0.0818264222640544,0.00719373046560309,-0.0963041912764311,-0.0677631457025806
K,AAA,0.287524870559573,0.00731451737683545,0.273335067927837,0.301953241725763
L,CTA,-0.25081369013962,0.0218056945770168,-0.292936474084854,-0.208296746015549
L,CTC,0.367100116932658,0.0411641550445362,0.287115275859833,0.448870182037354
L,TTA,0.2275381834656,0.007832881879417,0.212593514844775,0.243062809978922
N,AAC,-0.314085095047951,0.0109423233068498,-0.33567276870211,-0.292769390592972
P,CCA,-0.829315245299027,0.04339144313014,-0.916565492749214,-0.74656867980957
P,CCC,0.30914832033962,0.0301728292489381,0.251344424734513,0.369681330521901
Q,CAA,-0.417660571306944,0.0189153222831733,-0.454947495212158,-0.381511706113815
R,AGA,-0.540942093463051,0.0213826100426161,-0.583185099065304,-0.500161103904247
R,CGA,0.0172384580532654,0.123349431213649,-0.225628256797791,0.255980491638184
R,CGC,0.582360781055689,0.0429826389051254,0.499156232923269,0.669914290308952
S,TCA,-0.159092146427604,0.0297693684992742,-0.216910779476166,-0.100682437419891
S,TCC,-0.030952877677232,0.00732186556584177,-0.0454276493129631,-0.0164613504428417
T,ACA,-0.197765988432137,0.0302629957206821,-0.257996827363968,-0.138832300901413
T,ACC,-0.063789966621995,0.0074046819752733,-0.078264583585163,-0.0491363699547947
V,GTA,0.236532381675492,0.0267220258915915,0.184698343276978,0.289665967226028
V,GTC,-0.0518638716282323,0.00688987473445974,-0.065341581342121,-0.0383744723473986
Y,TAC,-0.315392922949791,0.0133421723644913,-0.341503314673901,-0.289214051018159
Z,AGC,0.0743142073081574,0.0257326574059635,0.0247260369826108,0.125669332842032
