AA,Codon,Posterior,Std.Dev,X0.025.,X0.975.
A,GCA,-0.113217344937443,0.0565881836028256,-0.224438518285751,-0.00294902920722961
A,GCC,0.155555850837868,0.0349898835518236,0.0874931478872895,0.224750098089377
C,TGC,0.360302268148199,0.208471537341356,-0.0449582424325248,0.777140113214652
D,GAC,-0.0800797924630412,0.0309589269483058,-0.140428063025077,-0.0196336753511179
E,GAA,-0.185709464874864,0.0286398531583326,-0.242215681821108,-0.130167315031091
F,TTC,-0.117841409203912,0.0545437550733797,-0.224376265952984,-0.0109959616092959
G,GGA,-0.0370411702833853,0.0659338158782325,-0.167442291975021,0.0909683108329773
G,GGC,0.0995486404427751,0.0379947732392178,0.0255482952110469,0.175003372381131
H,CAC,-0.291887415238718,0.0477774547858617,-0.385722406208515,-0.198029771198829
I,ATC,-0.203666789759208,0.0489931597562474,-0.299452202270428,-0.107990206902226
K,AAA,0.43693360068957,0.0284657889937729,0.381539986282587,0.493352070947488
L,CTA,0.0052688529887818,0.0758103785568163,-0.143109112977982,0.153591334819794
L,CTC,0.155445224487994,0.0908078847244723,-0.0209444165229797,0.335647225379944
L,TTA,0.452170890639027,0.0510478203555684,0.352537979185581,0.552774123350779
N,AAC,-0.347607589535515,0.0274290396209839,-0.401439247280359,-0.294066672772169
P,CCA,-0.619537883382723,0.0548504157367926,-0.729146420955658,-0.51351111382246
P,CCC,0.174199902217442,0.0444786391316808,0.0870127864802877,0.261914301663637
Q,CAA,-0.0764431486349847,0.0348041895239074,-0.145188916474581,-0.00842858798957118
R,AGA,-0.169937660386943,0.0522240797462744,-0.273288853466511,-0.0677242130041122
R,CGA,0.0609492411211464,0.139733455272954,-0.214966535568237,0.331831336021423
R,CGC,0.412368529401862,0.0986944579352675,0.220198424781362,0.608194927871227
S,TCA,-0.00554196662086561,0.044075759400925,-0.0929578840732574,0.0804708003997803
S,TCC,0.0999335414896955,0.0287336536671032,0.0441954244859517,0.156680089607835
T,ACA,-0.211914348263507,0.0530428492482317,-0.316604346036911,-0.108545333147049
T,ACC,0.069564942734947,0.0311753791124563,0.00879884312550227,0.130659241974354
V,GTA,0.138203160868296,0.0605440150715905,0.0197076797485352,0.256503157317638
V,GTC,-0.0173067444330577,0.0543338420222505,-0.123171251018842,0.0907535843551162
Y,TAC,-0.0726593060206562,0.0498241427189632,-0.170890787740548,0.0246937477805962
Z,AGC,-0.120687517080519,0.0404798775792193,-0.199923594420155,-0.0411025409276287
