AA,Codon,Posterior,Std.Dev,X0.025.,X0.975.
A,GCA,-0.0646369251428805,0.057538552031854,-0.177391827106476,0.0465744137763977
A,GCC,0.084010843051951,0.0355322683618522,0.0144506340768809,0.154495385413369
C,TGC,0.331928331952939,0.066521334643573,0.203481953591108,0.464907924582561
D,GAC,-0.0696449991484853,0.0309190937196883,-0.130404251317183,-0.00885229906998567
E,GAA,-0.0962470104590043,0.032046207340216,-0.1597609890004,-0.034092975469927
F,TTC,-0.227301873771846,0.0320536278514574,-0.290359207739433,-0.164734788239002
G,GGA,0.354273481314406,0.0630510124476473,0.230112075805664,0.477322638034821
G,GGC,0.297952251153886,0.0418179404733708,0.217186763882637,0.380485853552818
H,CAC,-0.165612260060958,0.0489023321925445,-0.261784329513709,-0.0694345364967982
I,ATC,-0.0952074718106377,0.0323491630966473,-0.15829583927989,-0.0314416253007948
K,AAA,0.279972308727702,0.0286651788468408,0.224072384958466,0.335898627837499
L,CTA,-0.00309564744733104,0.046269954673295,-0.0939917266368866,0.0877017378807068
L,CTC,0.327304183142004,0.0652744261003328,0.200802773237228,0.456720501184464
L,TTA,0.27031190048178,0.030935109686281,0.210150164117416,0.331527322530746
N,AAC,-0.24598734612902,0.030955844458,-0.306611618896325,-0.18502509817481
P,CCA,-0.421909058263262,0.0596351873703703,-0.539930403232574,-0.306408256292343
P,CCC,0.292285912913481,0.0595637083953128,0.176142731184761,0.410054697593053
Q,CAA,-0.140316438701081,0.0401899128360835,-0.219543281321724,-0.0615284915392597
R,AGA,-0.290555167133921,0.0515136224597548,-0.391966357827187,-0.190082773566246
R,CGA,0.0777660242077624,0.141089653361121,-0.202541589736938,0.351174712181091
R,CGC,0.480180810394411,0.103441479458841,0.281254208087921,0.685962115724882
S,TCA,0.0268738151206167,0.0481576980277631,-0.0680086016654968,0.121211171150208
S,TCC,-0.0706783272228464,0.0323107102868182,-0.134013674159845,-0.00764340301975607
T,ACA,-0.121073961962452,0.0505944145412265,-0.220413953065872,-0.0225462317466736
T,ACC,-0.0737648901609576,0.0349360043611435,-0.141958457107345,-0.00488188604358579
V,GTA,0.351413593088036,0.0497945279331404,0.253930896520615,0.44995342195034
V,GTC,-0.0696722146980578,0.0367422133062216,-0.141365683575471,0.00295740191165049
Y,TAC,-0.350592718287706,0.0375932883306394,-0.424745479722818,-0.277533472081025
Z,AGC,-0.0374190047158289,0.0477344112317654,-0.131031147887309,0.0561843869586786
