AA,Codon,Posterior,Std.Dev,X0.025.,X0.975.
A,GCA,-0.030112125821003,0.0737156975243476,-0.174876362085342,0.113982170820236
A,GCC,0.120288538162589,0.0491815825278311,0.0251108852370332,0.218012448151906
C,TGC,0.22778127736475,0.107159456509499,0.0207203082119425,0.441288063675165
D,GAC,-0.0582831456922511,0.0518681442395199,-0.159265426546335,0.0437423688359561
E,GAA,-0.0715247284781177,0.0387868392699813,-0.147976564615965,0.0040384375490249
F,TTC,-0.314760560519596,0.0467545112340522,-0.406914137303829,-0.22322252355516
G,GGA,0.417117955384219,0.137556571290668,0.146086633205414,0.685597807168961
G,GGC,0.350572761750814,0.103621349861042,0.153519430508216,0.558446704844634
H,CAC,-0.163724785945754,0.0761051223026813,-0.315148974706729,-0.0161289394367486
I,ATC,-0.0548939093005962,0.0451939404102615,-0.143201722577214,0.0339797625628613
K,AAA,0.272358326083223,0.037977520671467,0.197473719964425,0.346732455740372
L,CTA,-0.0353387675666755,0.0574661277120274,-0.148173779249191,0.0769108906388283
L,CTC,0.286153037039589,0.0842591040796051,0.121067345142365,0.452285289764404
L,TTA,0.321011399227977,0.041689268245022,0.239460116624832,0.402364552021027
N,AAC,-0.220234109759317,0.0569377434299067,-0.332316914449135,-0.108352691928545
P,CCA,-0.451531746346218,0.138881620402859,-0.730779968202114,-0.186187233775854
P,CCC,0.576359993056829,0.145498450559795,0.298408645639817,0.869478992124399
Q,CAA,-0.0603835789717294,0.0493670934964999,-0.157531450564663,0.0355891901999714
R,AGA,-0.255952616596719,0.0676758781169575,-0.390771757811308,-0.124205246567726
R,CGA,0.00380369496630665,0.179064201957443,-0.3510582447052,0.35110604763031
R,CGC,0.687249579886496,0.143741031717368,0.410960674285889,0.976846514642239
S,TCA,0.145321162428769,0.0840092100531621,-0.0201586186885834,0.309295073151588
S,TCC,-0.064555072547715,0.0596175928104195,-0.181389985357722,0.0534830152677997
T,ACA,-0.15107425151062,0.0932614383538323,-0.336198002099991,0.0291665494441986
T,ACC,-0.0442044410466128,0.0699198493357028,-0.180640675624212,0.093690933349232
V,GTA,0.425081312042169,0.0793378679393568,0.269852459430695,0.581281393766403
V,GTC,-0.0702967899012244,0.0678526662735206,-0.201344265416265,0.0645024851585428
Y,TAC,-0.371566993465523,0.0570990943489286,-0.484091295301914,-0.260251710315545
Z,AGC,0.139295616209012,0.0907552148387178,-0.0368059262012442,0.319141047944625
