AA,Codon,Posterior,Std.Dev,X0.025.,X0.975.
A,GCA,-0.0880993909775502,0.0397297950291672,-0.167328476905823,-0.0106726586818695
A,GCC,0.0499648544281328,0.0158810359969495,0.0190298976687094,0.0812082914635539
C,TGC,0.103541979302973,0.0541225110811989,0.000360567286649409,0.212610179558396
D,GAC,-0.127115179860592,0.0197404795728523,-0.165487444276611,-0.0885627182200551
E,GAA,-0.137184175239131,0.0213743216333982,-0.180451851213972,-0.0963360485310356
F,TTC,-0.22019932038933,0.0227324741653935,-0.26460222825408,-0.176557924225926
G,GGA,0.0870421593212602,0.050082509666977,-0.0127679109573364,0.184634953737259
G,GGC,0.279389543026686,0.029759588642157,0.222220905994376,0.337476974229018
H,CAC,-0.167702242766693,0.0300150891629992,-0.226354742298524,-0.109880642903348
I,ATC,-0.100093896692246,0.0190338656387865,-0.137235935156544,-0.0626517610003551
K,AAA,0.271164939631522,0.0168118328421919,0.238603351886074,0.304788927485545
L,CTA,-0.123318046321721,0.0318125788361314,-0.185687310993671,-0.0614349544048309
L,CTC,0.0289711382699339,0.0405511256010072,-0.0506394952535629,0.107072100043297
L,TTA,0.13101326315701,0.0186169758534677,0.0945263474558791,0.167837905387084
N,AAC,-0.284723501516879,0.0212207398737617,-0.326314694434404,-0.242989486331741
P,CCA,-0.590456904026016,0.046486232044765,-0.683781519532204,-0.501549065113068
P,CCC,0.217549923106283,0.0375474560293909,0.14499861287574,0.292724819729726
Q,CAA,-0.199750856585056,0.0254856621054309,-0.249338529631495,-0.149673878028989
R,AGA,-0.40301095466332,0.0354908597878926,-0.475447330856696,-0.335930142551661
R,CGA,0.0960286780662888,0.123818409980149,-0.146843314170837,0.33672046661377
R,CGC,0.309263165390491,0.0546532016233842,0.206351141134898,0.418210273732742
S,TCA,-0.00115824351697168,0.031769018452249,-0.06415194272995,0.0597119331359863
S,TCC,-0.0210215868635453,0.0154129263838243,-0.0508530778499941,0.0096889355375121
T,ACA,-0.0568281920367319,0.0365707571332971,-0.128835111856461,0.0126712918281555
T,ACC,-0.0406137028861245,0.0180958140139811,-0.0760070387274027,-0.00512395198844994
V,GTA,0.186455370810446,0.03436586208493,0.120255351066589,0.254787057638168
V,GTC,-0.0792648041862529,0.0167527645283552,-0.111970090121031,-0.0466306012434264
Y,TAC,-0.265152105940878,0.0291059742085581,-0.322066181401412,-0.207926286260287
Z,AGC,-0.0403687231828871,0.0331012009993743,-0.105114241751532,0.0237681706435978
