AA,Codon,Posterior,Std.Dev,X0.025.,X0.975.
A,GCA,-0.259489217101663,0.034836829378597,-0.328381210565567,-0.190837323665619
A,GCC,0.153346299681813,0.0136411878141945,0.126877106850346,0.18072281293571
C,TGC,0.142813093181277,0.0770012226771725,-0.00202757340933507,0.300308911999067
D,GAC,-0.107901402783394,0.0113882178663357,-0.130021844555934,-0.0858475994939605
E,GAA,-0.24413369499296,0.0149288375259768,-0.273533807943265,-0.215282981966933
F,TTC,-0.266309761622548,0.0257240633576949,-0.316639781743288,-0.216178397089243
G,GGA,-0.0846552969503255,0.0319691640943505,-0.147432625293732,-0.0212390422821045
G,GGC,0.259001106642187,0.014817926913267,0.229550909126798,0.288012841840585
H,CAC,-0.247337793543935,0.0224342048361159,-0.291633060822884,-0.204318395256996
I,ATC,-0.131795165563375,0.0213636704096654,-0.173776732881864,-0.089319086757799
K,AAA,0.34233358271718,0.0129751400990758,0.317432029296954,0.368300071607033
L,CTA,-0.289272263708704,0.0462994322912689,-0.379562139511108,-0.198701590299606
L,CTC,0.179475325424663,0.05400615828959,0.0725264251232147,0.286444514989853
L,TTA,0.193049994064122,0.0213704429980107,0.151729934662581,0.236104086041451
N,AAC,-0.291962006634474,0.012299010060414,-0.316178628057241,-0.268036209791899
P,CCA,-0.890276173544447,0.0284835307848091,-0.94573101401329,-0.834646463394165
P,CCC,0.398760412940383,0.0242884634910557,0.351291836053133,0.446889980137348
Q,CAA,-0.318207180956006,0.0200207334680376,-0.358155227700869,-0.279427146414916
R,AGA,-0.484954201879594,0.0271879058389098,-0.538580775260925,-0.432379039004445
R,CGA,0.19917243081991,0.100587555390588,0.000586390495300293,0.396535992622375
R,CGC,0.318726643921435,0.0419698030291383,0.238888836527864,0.405254084616899
S,TCA,-0.196479478754672,0.0228700563886457,-0.241008818149567,-0.151489436626434
S,TCC,0.0631419204609469,0.011098090928898,0.0412740780040622,0.084910607834657
T,ACA,-0.322602909322429,0.0263907455908168,-0.373480468988419,-0.270318061113358
T,ACC,-0.0347966782551608,0.00972361739817884,-0.0537774861169358,-0.0158217760889481
V,GTA,-0.048492537234595,0.0330205349852391,-0.113411784172058,0.0156067609786987
V,GTC,0.0178838010555838,0.0167148136571659,-0.0148218043381348,0.0508244910277426
Y,TAC,-0.241886452838778,0.0266035066107491,-0.294414130598307,-0.190407531832655
Z,AGC,-0.109165775563195,0.0178915508823005,-0.143792155260841,-0.0745841299494108
