AA,Codon,Posterior,Std.Dev,X0.025.,X0.975.
A,GCA,-0.143719534679194,0.013236731213199,-0.169662177562714,-0.118002384901047
A,GCC,0.0477618554633111,0.00450059397819959,0.0388391186172764,0.0564825327756504
C,TGC,0.43649497846067,0.0162532709626346,0.404782872150342,0.468513509134452
D,GAC,-0.105675876062363,0.00483226081407802,-0.115055294645329,-0.0961786715313792
E,GAA,-0.25304725407511,0.0066874645176118,-0.266473692903916,-0.240115410213669
F,TTC,-0.278008824631572,0.00628700554005453,-0.290297190348307,-0.265692953765392
G,GGA,0.23976437994962,0.0154745579255504,0.209045112133026,0.269887268543243
G,GGC,0.508253400078416,0.00903347982023717,0.490519189089537,0.525837653875351
H,CAC,-0.181415627585351,0.00827788690504638,-0.197569887091716,-0.165495442599058
I,ATC,-0.0853684085942805,0.00451697341436121,-0.0943004216377934,-0.0767009602859616
K,AAA,0.269271700114012,0.00484745538382282,0.259794724484285,0.278850138435761
L,CTA,-0.195153453310494,0.0106141880189802,-0.215487122535706,-0.174057990312576
L,CTC,0.361141037051767,0.0184313554282059,0.325444161891937,0.397768080234528
L,TTA,0.224287427990139,0.00488237784741485,0.21472815250357,0.233860524619619
N,AAC,-0.305457048124075,0.00636092402877258,-0.318060691903035,-0.293034474054972
P,CCA,-0.797159593515474,0.0174185122451854,-0.830790251493454,-0.762808576226234
P,CCC,0.255070433518291,0.0129966937948024,0.230019839977225,0.280674603829781
Q,CAA,-0.41115556460917,0.0103795798198942,-0.431310091912746,-0.3908509294192
R,AGA,-0.536536257601824,0.0115288089943969,-0.559121169615537,-0.513928373344243
R,CGA,0.151240524834674,0.0554046565354325,0.0406911373138428,0.258278489112854
R,CGC,0.681442571157217,0.0240542002460894,0.635700789093971,0.729923479755719
S,TCA,-0.0709064831055232,0.0134642710344287,-0.0982250571250916,-0.0444847643375397
S,TCC,-0.0211012504519837,0.00525042684741187,-0.031321216498812,-0.0109016792538265
T,ACA,-0.182067561421963,0.0135779524185524,-0.208682537078857,-0.155442774295807
T,ACC,-0.0475529607722536,0.00511454868012773,-0.0573971183970571,-0.0375699380723139
V,GTA,0.263267111529733,0.0118064147742017,0.240244001150131,0.286335945129395
V,GTC,-0.0547796547561884,0.00450075501932093,-0.063604258125027,-0.0457683278247714
Y,TAC,-0.282738490313292,0.00718907883383707,-0.296870359033346,-0.2687944325308
Z,AGC,0.0960674423381686,0.0136239610156117,0.0694583280012012,0.123030456838508
