AA,Codon,Posterior,Std.Dev,X0.025.,X0.975.
A,GCA,-0.0928753573902988,0.0646256530007555,-0.221120208501816,0.0326332151889801
A,GCC,0.117381915570809,0.0388484085924017,0.0423228010845681,0.194256958241264
C,TGC,0.460422306560973,0.0998374805069713,0.269083607941866,0.661975888411204
D,GAC,-0.0886518373771661,0.0296393623355392,-0.146909893055757,-0.0306528052159895
E,GAA,-0.179167087131826,0.0359659822426794,-0.250330720593532,-0.109046262192229
F,TTC,-0.145357679463996,0.0483293761464915,-0.240289616460601,-0.0504429834584395
G,GGA,0.159952979794191,0.058599520174966,0.0452244877815247,0.274358749389648
G,GGC,0.184158869019548,0.0356934418234017,0.114951796332995,0.254766651739677
H,CAC,-0.254064333206564,0.049112805956943,-0.350669584174951,-0.157727788512905
I,ATC,-0.177572164655121,0.0499189317781641,-0.275675064325333,-0.0794578691944479
K,AAA,0.390462181814909,0.0315580547824041,0.328629895796378,0.452706980456909
L,CTA,0.0900117308006683,0.0741391272282197,-0.0556421279907227,0.234773933887482
L,CTC,0.239156288437081,0.0913976750783611,0.0631966292858124,0.421229392290115
L,TTA,0.28341108172973,0.0456689174684544,0.194358878334363,0.372982681542635
N,AAC,-0.303046978797118,0.0273301562463841,-0.356881243735552,-0.249730169773102
P,CCA,-0.510198032492689,0.0509834924702958,-0.610565051436424,-0.41146844625473
P,CCC,0.206254776022087,0.0456285345756447,0.118041666100423,0.296567843357722
Q,CAA,-0.125371013788344,0.043071949877982,-0.21042554837962,-0.0417225058811405
R,AGA,-0.236516517086307,0.0592899119396508,-0.353933764621615,-0.121367625892162
R,CGA,0.105623297165337,0.161287786918013,-0.211085200309753,0.419814348220825
R,CGC,0.251194586420112,0.109284055707165,0.0398803870814542,0.465648971001307
S,TCA,-0.0384862198061763,0.0451842751365131,-0.127454727888107,0.0497346222400665
S,TCC,0.0156302912745301,0.0290151007756331,-0.0408357000599305,0.072729641571641
T,ACA,-0.184623576175677,0.052954403323449,-0.289819240570068,-0.0816772282123566
T,ACC,0.0113424556791051,0.0327528922841364,-0.0527657233178616,0.0761624169225494
V,GTA,0.155769114160426,0.064118909422126,0.030081182718277,0.280818969011307
V,GTC,-0.0653982662967299,0.0496817771058157,-0.161980943505963,0.0326628269627691
Y,TAC,-0.159588466858496,0.0482058027630335,-0.255152529726426,-0.0652371557429433
Z,AGC,-0.108525794190204,0.0420512264487884,-0.190793976808588,-0.0259112366940826
