AA,Codon,Posterior,Std.Dev,X0.025.,X0.975.
A,GCA,-0.0848883661570853,0.0481997750957611,-0.179167896509171,0.0079384446144104
A,GCC,0.046809143938031,0.0107026109710429,0.0261660480406135,0.0679341772571206
C,TGC,0.458705318067968,0.0732975302508851,0.323480955014626,0.609950814644496
D,GAC,-0.110051241286099,0.00994479827257008,-0.129567552606265,-0.0906112759684523
E,GAA,-0.247250612652302,0.0189785276652033,-0.285237736999989,-0.210766608392199
F,TTC,-0.263219255235791,0.0195629033509008,-0.302240217973789,-0.225287255272269
G,GGA,0.0420294828849272,0.040458942171545,-0.0374565720558167,0.121331393718719
G,GGC,0.413381189015508,0.0180219621753324,0.378273653735717,0.448634045322736
H,CAC,-0.224258790619671,0.0200920849754603,-0.26453028395772,-0.185134291027983
I,ATC,-0.0740698242867365,0.0149466289448397,-0.103343598917127,-0.0446834676278134
K,AAA,0.30319776198864,0.0127837269251952,0.278067115694284,0.328249056140582
L,CTA,-0.279563995450512,0.0490920436252157,-0.377843260765076,-0.184548795223236
L,CTC,0.404142496565225,0.0914138154708117,0.229018151760101,0.587175011634827
L,TTA,0.229514421328902,0.0170620326207854,0.197279742608468,0.263036915659904
N,AAC,-0.333541057816148,0.015262522297425,-0.364099859446287,-0.303612627585729
P,CCA,-0.821974902373649,0.0560404179588798,-0.934618636965752,-0.71547731757164
P,CCC,0.307074163325131,0.0413108418751802,0.229388395075997,0.390190015733242
Q,CAA,-0.488779897287488,0.0397164543301244,-0.569377850989501,-0.413355599343777
R,AGA,-0.531873975713556,0.0388242787212178,-0.610374856740236,-0.455988928675652
R,CGA,-0.423314569580735,0.283606192156809,-1.00347566604614,0.116105318069458
R,CGC,0.544053476729989,0.0748661573091714,0.403972175469001,0.698581298689047
S,TCA,-0.149922295321632,0.0457478385376046,-0.241813242435455,-0.062963992357254
S,TCC,-0.0101434424327913,0.0114548788042469,-0.0328607736155391,0.0123659103565539
T,ACA,-0.225416304135177,0.0528438038634729,-0.330686092376709,-0.123014241456985
T,ACC,-0.042692448391972,0.0112437370499273,-0.0646552606175343,-0.0208424332396438
V,GTA,0.227106541576963,0.0567733648797253,0.114917486906052,0.339691311120987
V,GTC,-0.0580102025599219,0.0133470518906409,-0.0840920907755693,-0.0316840812253455
Y,TAC,-0.350027230897546,0.0267796278926501,-0.404245298852523,-0.298844898243745
Z,AGC,0.0311580811836776,0.0360092260061401,-0.0380085290409625,0.104030643527706
