AA,Codon,Posterior,Std.Dev,X0.025.,X0.975.
A,GCA,-0.169263907103953,0.0331108939049183,-0.23599648475647,-0.106736361980438
A,GCC,0.0214231544263682,0.00928418811507161,0.00305077000909174,0.0396702277474105
C,TGC,0.343017042133212,0.0268756798036102,0.290361945827802,0.39632679199179
D,GAC,-0.0814983605355024,0.0132077623681576,-0.10744149380674,-0.055754108975331
E,GAA,-0.269389593240619,0.0165184055775659,-0.302249670028687,-0.237529395396511
F,TTC,-0.258967426459491,0.0101158569018298,-0.278628149380287,-0.239193974932035
G,GGA,0.371452856082914,0.0465524154865265,0.28206068277359,0.463141083717346
G,GGC,0.690122226202488,0.0304478112934504,0.631297862033049,0.751728183527787
H,CAC,-0.207235575717688,0.0174503568968387,-0.24227710540096,-0.173875525221229
I,ATC,-0.102145128035545,0.00623729082086906,-0.114467276322345,-0.0899228931715091
K,AAA,0.246475421535969,0.0109016037702181,0.225086336582899,0.267795990407467
L,CTA,-0.238512120226862,0.0223014741293633,-0.282580852508545,-0.195269405841827
L,CTC,0.383609104187485,0.0360540505675346,0.313470214605331,0.455175668001175
L,TTA,0.227634394988418,0.00933876401668212,0.209744744375348,0.246133502572775
N,AAC,-0.328931501567364,0.0185036492114106,-0.365949446459611,-0.293333168079456
P,CCA,-0.765775757841487,0.07688450595204,-0.919158577919006,-0.619307398796082
P,CCC,0.0637048774075697,0.0521939353959412,-0.0367606730510791,0.167966563006242
Q,CAA,-0.425371128994226,0.0250607064005611,-0.474459179490805,-0.377133207271496
R,AGA,-0.584332630367792,0.0274064996036604,-0.638341641053557,-0.529451454989612
R,CGA,-0.0371592369523958,0.132012202209374,-0.297122716903687,0.220146775245667
R,CGC,0.722738974285126,0.0580881002901819,0.609105335175991,0.839750381310781
S,TCA,-0.117273578037919,0.0336217013908662,-0.182923763990402,-0.052021324634552
S,TCC,-0.0414628104441683,0.0103885595646426,-0.0618680921693643,-0.0208588719678422
T,ACA,-0.228358366411098,0.0271321330307712,-0.282368123531342,-0.177177727222443
T,ACC,-0.0535118730450049,0.00847684871892304,-0.0702196467667818,-0.0373403694170217
V,GTA,0.224974600598402,0.0173910905733715,0.191243141889572,0.259885191917419
V,GTC,-0.0558257818315178,0.00522444371941334,-0.0662065284326672,-0.0455246440134943
Y,TAC,-0.300700792616606,0.0123761266057896,-0.325015501926343,-0.276479624708494
Z,AGC,0.0642079662958327,0.0323960341086071,0.00140065449522808,0.127824080114563
