AA,Codon,Posterior,Std.Dev,X0.025.,X0.975.
A,GCA,-0.127538396460433,0.0332762001480925,-0.193736463785172,-0.0630334913730621
A,GCC,0.0373176471670311,0.00982357972271401,0.0181086388416588,0.0567444748866061
C,TGC,0.168309482145943,0.0390160970797008,0.0936999201153716,0.246565449610353
D,GAC,-0.126580567605793,0.0131634187031925,-0.152501591295004,-0.100790621464451
E,GAA,-0.172056944972277,0.0159453936318075,-0.203806626796722,-0.141306748241186
F,TTC,-0.233763236254851,0.0162293279722222,-0.265678406010071,-0.202302849416931
G,GGA,0.0822166034168289,0.0399081448852666,0.00375562906265259,0.160397678613663
G,GGC,0.310139863846103,0.0206325667502975,0.270561432341735,0.35150084272027
H,CAC,-0.197335349066953,0.0205950446417299,-0.238195685918132,-0.157230266183615
I,ATC,-0.0980763660864532,0.0120494627197423,-0.12190090212971,-0.0744922092184424
K,AAA,0.242983278246919,0.0106733559720514,0.222219283630451,0.264015507946412
L,CTA,-0.159585423244444,0.0249344706753257,-0.208969742059708,-0.111077383160591
L,CTC,0.0517481240998065,0.0324182449961979,-0.0107789933681488,0.115585938096046
L,TTA,0.147116952151358,0.0120995164333239,0.123715502768755,0.171077217161655
N,AAC,-0.277070712887247,0.0154465396788991,-0.307762542863687,-0.247258233651519
P,CCA,-0.616868603341936,0.0395511068134007,-0.695428967475891,-0.541159182786942
P,CCC,0.192093423626075,0.0303307240376261,0.133394182100892,0.252286074558894
Q,CAA,-0.26083398793598,0.0202408251322767,-0.301038968811432,-0.222039769589901
R,AGA,-0.432736400788022,0.0283564702133169,-0.489408971741796,-0.37865274772048
R,CGA,0.0929763316233965,0.111521357316194,-0.125674366950989,0.31018590927124
R,CGC,0.344327642500003,0.04202738979116,0.264858393619458,0.430283952752749
S,TCA,-0.0274931127686171,0.025348864516531,-0.0778234899044037,0.0218847990036011
S,TCC,-0.0266010573824521,0.0106787245416158,-0.047542317242672,-0.00565591487878311
T,ACA,-0.0960362268131804,0.0300952417610402,-0.155714064836502,-0.0375310778617859
T,ACC,-0.0486306212125532,0.0114655498312828,-0.0711377946659923,-0.0261907700138787
V,GTA,0.181261740884479,0.0284628635669027,0.125875651836395,0.237531095743179
V,GTC,-0.0617939952958375,0.0102832936780472,-0.0819884113346537,-0.0416243027585248
Y,TAC,-0.27327584936897,0.0206525654892944,-0.314331873506308,-0.233347525075078
Z,AGC,-0.0649926809512258,0.0266654836732847,-0.117261190215747,-0.0131443663267419
