AA,Codon,Posterior,Std.Dev,X0.025.,X0.975.
A,GCA,-0.129859150335105,0.016602282118173,-0.162515163421631,-0.0974580347537994
A,GCC,0.051021563703008,0.00573522514013912,0.0397617591544986,0.0624849300521115
C,TGC,0.450084630218148,0.0258578037368492,0.400287897884846,0.501281994581223
D,GAC,-0.0903676697328687,0.00794445265936757,-0.105937377239267,-0.0748820974181096
E,GAA,-0.244725367346406,0.00817316735029159,-0.260840556025505,-0.22882159166038
F,TTC,-0.264275374415517,0.00887611637386258,-0.282064807911714,-0.246912676841021
G,GGA,0.346956508920832,0.0321871715227136,0.283519566059113,0.408934235572815
G,GGC,0.64994972447753,0.0219458706468364,0.606928564111392,0.692740254600843
H,CAC,-0.154003073690832,0.0132796429442895,-0.180404769132535,-0.128185885027051
I,ATC,-0.0723451421689242,0.00664909652835225,-0.0852541116376718,-0.0592617321138581
K,AAA,0.271338450628519,0.00664361907195346,0.258357982337475,0.28427844842275
L,CTA,-0.190483391040588,0.0140966332867412,-0.218044370412827,-0.163286536931992
L,CTC,0.332401493333862,0.0234857409432275,0.285401403903961,0.377629160881042
L,TTA,0.224586828403175,0.00653577947629942,0.211741824820638,0.237504617869854
N,AAC,-0.335524621090293,0.0113050351128779,-0.357834166785081,-0.312987654159466
P,CCA,-0.727815468094102,0.0359772234675463,-0.799270629882812,-0.658792361617088
P,CCC,0.291194664113224,0.027815972606223,0.237107181921601,0.344725838551919
Q,CAA,-0.376795767468214,0.0128074050702397,-0.401666961113612,-0.351766600459814
R,AGA,-0.554505997046276,0.0156435780672411,-0.584352422505617,-0.524262400344014
R,CGA,0.0686679876586125,0.0734729827566101,-0.0777595043182373,0.207815527915955
R,CGC,0.669137915325165,0.0318625689320519,0.606840831041336,0.731623309850693
S,TCA,-0.0328562862306175,0.0205440076765702,-0.0739361047744751,0.00696027278900146
S,TCC,-0.0293435708743578,0.00885658088794198,-0.0465531771692137,-0.0118919908224295
T,ACA,-0.183492699196048,0.0222073851984445,-0.227533966302872,-0.140269696712494
T,ACC,-0.0587206211810932,0.00882827107992146,-0.0761615170786778,-0.0413852245236437
V,GTA,0.277364010814309,0.0178096058201679,0.242809951305389,0.312904357910156
V,GTC,-0.0557349216166884,0.00732025568886409,-0.0701238060370088,-0.0412127143703401
Y,TAC,-0.300169004026055,0.0105210598194222,-0.320781866709391,-0.27950687011083
Z,AGC,0.130254846352339,0.0212641625674303,0.0880817231411735,0.171301770458619
