AA,Codon,Posterior,Std.Dev,X0.025.,X0.975.
A,GCA,0.49604076179107,0.0144768457771588,0.46766806319356,0.524466412266095
A,GCC,-0.614015226633283,0.0265943416287846,-0.66656881570816,-0.562531247735023
G,GGA,0.635257852883339,0.0194764118942587,0.597631095846494,0.673853694895903
G,GGC,-0.442268426542344,0.0290270156128853,-0.499520719051361,-0.385711163282394
I,ATA,0.596751460512877,0.0248647284367851,0.548224004606406,0.64546810934941
L,CTA,-0.102097591340667,0.02881997421257,-0.158795610070229,-0.0457796156406403
L,CTC,0.124914641087123,0.0463798232075697,0.0349657535552979,0.216741800308228
P,CCA,-0.239849165395896,0.0126789554599527,-0.264900378882885,-0.215091317892075
P,CCC,-0.256540687348028,0.0330486017926093,-0.321516364812851,-0.1923808157444
R,CGA,1.61671368355592,0.0540990269570519,1.51160896321138,1.72424479027589
R,CGC,-1.17309851938069,0.0758962419435211,-1.3229483962059,-1.02569031715393
S,TCA,0.377270774908861,0.0124911514367695,0.352807045727968,0.401797684033712
S,TCC,-0.51044613759005,0.0203979458949056,-0.550832986831665,-0.470878787338734
T,ACA,0.394791888014476,0.0132439137771841,0.368832276513179,0.420807241648436
T,ACC,-0.751023213666549,0.022798323702176,-0.795866437256336,-0.706328116357327
V,GTA,0.401862592395147,0.0207174696740709,0.361585824439923,0.442976435273886
V,GTC,-0.41034404223275,0.0232185419204217,-0.456074759364128,-0.365143058821559
