AA,Codon,Posterior,Std.Dev,X0.025.,X0.975.
A,GCA,-0.171095342779026,0.0144644680836442,-0.199467301368713,-0.142646849155426
A,GCC,0.052355823719874,0.00458909071529525,0.043400143366307,0.0614599516615272
C,TGC,0.40005642144978,0.0195645656893195,0.362075448284547,0.438223052521547
D,GAC,-0.103926868768781,0.00652963384258686,-0.116846124082804,-0.0910800547028581
E,GAA,-0.258481086482108,0.00738630867633888,-0.272833076616128,-0.244269103184342
F,TTC,-0.278110964541137,0.00725215443465987,-0.292149960498015,-0.263936169197162
G,GGA,0.29855054393433,0.0260938789708553,0.247965395450592,0.349757552146912
G,GGC,0.636586002576351,0.017273013751742,0.603226100901763,0.670530718068282
H,CAC,-0.177366732269526,0.011198676885751,-0.199467786774039,-0.155371387427052
I,ATC,-0.0815731535825878,0.00528075374880665,-0.0918600980192423,-0.0712099935859442
K,AAA,0.266439316464961,0.00559309644202446,0.255513622611761,0.27737847144405
L,CTA,-0.200502919690059,0.0116535945680607,-0.223251670598984,-0.177802115678787
L,CTC,0.324702428976973,0.0193075735497439,0.286921858787537,0.362008690834045
L,TTA,0.22991803227514,0.00543491149455624,0.219455693910519,0.240593773623308
N,AAC,-0.324133225950599,0.00944666486177513,-0.342680669079224,-0.305387652913729
P,CCA,-0.77894480857518,0.03097210365479,-0.839576527476311,-0.718268617987633
P,CCC,0.260994769759476,0.0231088162523158,0.216012811660767,0.305560704569022
Q,CAA,-0.415862407934666,0.0119027620804167,-0.4388804068168,-0.392365157604218
R,AGA,-0.530860665381769,0.0132249246569549,-0.557168142870069,-0.504683025181293
R,CGA,0.154265822988548,0.0623675569372789,0.0307401418685913,0.277001023292542
R,CGC,0.625550933402777,0.0267198169612112,0.573791444301605,0.678002735972404
S,TCA,-0.0611258164612892,0.017465339249217,-0.0958438813686371,-0.0274713337421417
S,TCC,-0.0331821618720423,0.00686830952847448,-0.0467429758049548,-0.0198846820276231
T,ACA,-0.216927234676048,0.0186314250439789,-0.253819227218628,-0.180263698101044
T,ACC,-0.0599414662402123,0.00685399678298612,-0.0733521344140172,-0.0463686357562741
V,GTA,0.298233603044887,0.0148404888582559,0.269040256738663,0.327215582132339
V,GTC,-0.0573668665807694,0.00550436725747413,-0.0681886276230216,-0.046495695784688
Y,TAC,-0.293180547961593,0.00833214529263838,-0.309389745940765,-0.276959661891063
Z,AGC,0.139884985856712,0.0173843867601188,0.106242462433875,0.173666991417607
