AA,Codon,Posterior,Std.Dev,X0.025.,X0.975.
A,GCA,-0.0962416369499911,0.0392210706850068,-0.174229115247726,-0.0203799307346344
A,GCC,0.0507901365676502,0.0166943097171146,0.0181837019665788,0.0839530896395445
C,TGC,0.0744834492669477,0.0570814242890804,-0.0349300168765088,0.18836999249955
D,GAC,-0.132890381156206,0.0208531403786007,-0.173564777399103,-0.0918884037062525
E,GAA,-0.123686464078079,0.0214214328921338,-0.166544489065806,-0.0822601063176989
F,TTC,-0.192100405075451,0.023116611293573,-0.237491869181395,-0.146684488033255
G,GGA,0.0649074279102182,0.0489714743047762,-0.0322261452674866,0.160893768072128
G,GGC,0.24888022340099,0.0296155690947286,0.191933283954859,0.30818067714572
H,CAC,-0.165078206688464,0.0312369023828052,-0.226858373234669,-0.104102620109916
I,ATC,-0.0913759350548188,0.0200225361531002,-0.130564466367165,-0.0519871287979185
K,AAA,0.249685637664994,0.0174437799558842,0.215664164597789,0.284071329732736
L,CTA,-0.136188712556013,0.0324650741237211,-0.200036838650703,-0.073112890124321
L,CTC,0.00371957154587487,0.0394056634423646,-0.0739191919565201,0.0814508199691772
L,TTA,0.131649139973372,0.0196676962506401,0.0933450459813078,0.170629920065403
N,AAC,-0.289539279861251,0.0219620529700962,-0.333013401428858,-0.246688700094819
P,CCA,-0.567597853291205,0.046315555834421,-0.65978878736496,-0.478730738162994
P,CCC,0.215800373956511,0.0392921551811538,0.13938857379059,0.293315198520819
Q,CAA,-0.201854377597372,0.0260550085541262,-0.253901511182388,-0.151650504519542
R,AGA,-0.381748993975995,0.0353971916957727,-0.451500014401972,-0.312946202233434
R,CGA,0.11023553235663,0.118880491136371,-0.125290274620056,0.341446042060852
R,CGC,0.332660907511612,0.0591875157761759,0.21915293050309,0.451700299978256
S,TCA,-0.00722293374739517,0.0301543870713483,-0.0665920376777649,0.0513620227575302
S,TCC,-0.00348172588679167,0.0168067429585524,-0.0361494106551011,0.0295922376060238
T,ACA,-0.0729708532605435,0.0360587093921389,-0.144048303365707,-0.00268453359603882
T,ACC,-0.0268866528098902,0.0190673564144195,-0.064124562467138,0.0106402466073633
V,GTA,0.210796408427853,0.0361808224202322,0.14017391204834,0.282245308160782
V,GTC,-0.0654420658801873,0.0183931619932702,-0.10140894378225,-0.0294060827543338
Y,TAC,-0.283709193666776,0.030630101606833,-0.344306763013204,-0.224300217007597
Z,AGC,-0.0412100400183965,0.0323300725524914,-0.104655520431697,0.0223593550268561
