AA,Codon,Posterior,Std.Dev,X0.025.,X0.975.
A,GCA,-0.127471253310141,0.0508244129929924,-0.228076875209808,-0.0297092199325562
A,GCC,0.100245662610763,0.027709734362008,0.0463288142035405,0.155779029180606
C,TGC,0.405558708199859,0.0698467516180623,0.27040464853247,0.541915193200111
D,GAC,-0.117386007170752,0.0198494935256164,-0.156239059194922,-0.0785055444265406
E,GAA,-0.210848697180301,0.0263280792170988,-0.264039328942696,-0.159147154912353
F,TTC,-0.232248296387121,0.0344456869755495,-0.298720709482829,-0.164505398025115
G,GGA,0.148978603329018,0.0428413183491209,0.0647335052490234,0.233188092708588
G,GGC,0.241296648469567,0.0257975948785634,0.191197659447789,0.293246426433325
H,CAC,-0.227101835787296,0.0368794603543665,-0.299531655758619,-0.155034978439411
I,ATC,-0.125691682448845,0.0342542146398758,-0.193225933114688,-0.0585495045098166
K,AAA,0.377815734916925,0.0218273373847209,0.335343648244937,0.420888625333707
L,CTA,-0.0724871900379986,0.0541817683009055,-0.179093897342682,0.0348370671272278
L,CTC,0.242178898100948,0.069774395530271,0.106632947921753,0.37784531712532
L,TTA,0.205569872816652,0.0324330522344904,0.142254582171639,0.270143486062686
N,AAC,-0.284458462259173,0.0198453471837253,-0.323530350873868,-0.245539515341322
P,CCA,-0.661745363822396,0.0392470895782278,-0.739681392908096,-0.586128801107407
P,CCC,0.195007729262486,0.0331333309518962,0.130665862932801,0.260518126189709
Q,CAA,-0.191402766376734,0.0322713626995591,-0.255543510615826,-0.12870615546902
R,AGA,-0.32362754569325,0.0434298345542409,-0.409668657928705,-0.239524379372597
R,CGA,0.228391215528515,0.132743272397631,-0.028564453125,0.489218831062317
R,CGC,0.422502072684467,0.0795062268256039,0.269590029865503,0.583485151827335
S,TCA,-0.0476909386862541,0.0335793191567392,-0.113579392433167,0.0165882408618927
S,TCC,0.0680554921250092,0.0206144874891806,0.0273977588396519,0.108187979025145
T,ACA,-0.153026584404348,0.0380248383901762,-0.226973116397858,-0.0787083506584167
T,ACC,0.00506119761476939,0.0228383093688031,-0.0398155393078923,0.0502478278242051
V,GTA,0.0038561707582489,0.0454335221698003,-0.0848069190979004,0.0920117199420929
V,GTC,-0.0436895058540588,0.0339207244024688,-0.110227691878875,0.0228487945937862
Y,TAC,-0.169749144200981,0.0349595872586478,-0.239515155677994,-0.102158531174064
Z,AGC,-0.187228517476469,0.0293930679272572,-0.245310543105006,-0.130716249595086
