AA,Codon,Posterior,Std.Dev,X0.025.,X0.975.
A,GCA,-0.189060922006216,0.0372518134897877,-0.264320641756058,-0.116902947425842
A,GCC,0.0211058405823551,0.00981108732816972,0.00187112890998833,0.0404413601383567
C,TGC,0.348960449069738,0.0297348222496062,0.291367285201947,0.408961428701878
D,GAC,-0.0878383315093815,0.0137246896191945,-0.115039045239488,-0.0605396781116724
E,GAA,-0.27694642598927,0.0186795256921092,-0.315161042660475,-0.241216884056727
F,TTC,-0.25745928747952,0.0109425928152372,-0.279005995144447,-0.236302576586604
G,GGA,0.388990502633544,0.0499350492472835,0.290181636810303,0.486012995243073
G,GGC,0.698900258308649,0.0329690625094436,0.634933637082577,0.765012918909391
H,CAC,-0.206958273145556,0.0188920100159753,-0.243964714681109,-0.170424474154909
I,ATC,-0.101715381883085,0.00661548758478186,-0.114700965521236,-0.0887228723615408
K,AAA,0.249177598395944,0.0115086265450314,0.226698789497217,0.271730502694845
L,CTA,-0.239177288657224,0.0246498270957029,-0.287682384252548,-0.191094130277634
L,CTC,0.419894570911447,0.0406695545318023,0.342598915100098,0.500772386789322
L,TTA,0.225360625378788,0.00994740393169442,0.206229227532943,0.245619003102183
N,AAC,-0.323017733183503,0.0200146977014646,-0.362958943843842,-0.284920305758715
P,CCA,-0.786473662275014,0.0875820360530482,-0.963313192129135,-0.620003938674927
P,CCC,0.096743299071466,0.0567728288294398,-0.0132776321532826,0.209076418851813
Q,CAA,-0.446102675482631,0.0291039059337391,-0.503778149187565,-0.390433539698521
R,AGA,-0.562327548083757,0.0285997711198389,-0.618921999819577,-0.506951875984669
R,CGA,-0.179252032243828,0.148656005502429,-0.476878046989441,0.107872128486633
R,CGC,0.685645088502765,0.0599448767011832,0.570379543304443,0.804576791326205
S,TCA,-0.106194462311672,0.0388617581453835,-0.182724803686142,-0.0296528339385986
S,TCC,-0.0590597673296928,0.0113442887703274,-0.0814112716043989,-0.0372885273459057
T,ACA,-0.210742711034516,0.0323392713917201,-0.274169474840164,-0.147388190031052
T,ACC,-0.0499588812706992,0.0094012130032963,-0.0684094861149788,-0.031545393448323
V,GTA,0.226822317326001,0.0191186500823799,0.189790457487106,0.264138072729111
V,GTC,-0.0527411365125328,0.0055708960912345,-0.0635941083232562,-0.041789934784174
Y,TAC,-0.285305451028049,0.0135841900377182,-0.312351116538048,-0.25890299230814
Z,AGC,0.0472384138078547,0.0404199004658554,-0.0317131394830843,0.128015185147524
