AA,Codon,Posterior,Std.Dev,X0.025.,X0.975.
A,GCA,-0.14045450406937,0.0161067790049808,-0.171512633562088,-0.108904778957367
A,GCC,0.057211129181087,0.00541360715310617,0.0465848591799537,0.0679283197348317
C,TGC,0.363219727039337,0.0187093350408518,0.327133960525195,0.40037544593215
D,GAC,-0.113758355062455,0.00450485133144737,-0.122444644011557,-0.104964494146407
E,GAA,-0.24279993288815,0.00767578090179642,-0.257823233058055,-0.227786132444938
F,TTC,-0.262501801128685,0.00832723550755336,-0.27941869844993,-0.246378208821019
G,GGA,0.1036525689987,0.0132614929395302,0.0780720710754395,0.12984973192215
G,GGC,0.431940017569065,0.00741385269618344,0.417308183014393,0.446378443390131
H,CAC,-0.198249426940084,0.00875734171402373,-0.215353123222788,-0.180953749890129
I,ATC,-0.0989654131688178,0.00662235190704513,-0.111761499755085,-0.085900317505002
K,AAA,0.260568858423829,0.00521147589733442,0.250382276376088,0.270939522236586
L,CTA,-0.228380809203289,0.015319878020551,-0.258476406335831,-0.198315665125847
L,CTC,0.286961448554956,0.0245163013233626,0.239644050598145,0.334167271852493
L,TTA,0.205738771776855,0.00702452867134083,0.192161086698373,0.220028905322154
N,AAC,-0.301452790001035,0.00575078717871545,-0.312972036252419,-0.290314297378063
P,CCA,-0.793474977328865,0.0139651726973266,-0.820871114730835,-0.766496166586876
P,CCC,0.256456551228464,0.0108882374170682,0.235607909038663,0.277836233377457
Q,CAA,-0.372009521123767,0.0112952078571046,-0.394373478740454,-0.350046226133903
R,AGA,-0.509807860719126,0.0132862610806108,-0.536098713986576,-0.484132947400212
R,CGA,0.0399174149448115,0.0532293629203552,-0.0687241554260254,0.14147675037384
R,CGC,0.572164887925983,0.0254273890697613,0.522770005464554,0.62322735140721
S,TCA,-0.0898785433576365,0.0119777003234158,-0.113080263137817,-0.0664808750152588
S,TCC,-0.0110874020614428,0.00472079742038376,-0.0201433361973614,-0.00170726982469205
T,ACA,-0.210160723830113,0.0132467502440464,-0.236065119504929,-0.184385389089584
T,ACC,-0.052794695783779,0.00487128843752412,-0.0623481357159714,-0.0431953855479757
V,GTA,0.200273734088564,0.0156508631302412,0.169551968574524,0.230980813503265
V,GTC,-0.0594322993788868,0.00596177756678248,-0.0712953145926197,-0.0477406531882783
Y,TAC,-0.290225751200318,0.00912936837909432,-0.308087166895469,-0.272478323926528
Z,AGC,0.0195187907134614,0.0108243806452381,-0.00164928378459687,0.0404706953714291
