AA,Codon,Posterior,Std.Dev,X0.025.,X0.975.
A,GCA,-0.174785958103699,0.0411976260761686,-0.258643865585327,-0.0970451831817627
A,GCC,0.0515800331527367,0.00877621044058047,0.0346667552056412,0.0692863813290993
C,TGC,0.320031176994741,0.0327650996896496,0.257424694051345,0.385187982271115
D,GAC,-0.118230054505914,0.00885424495329219,-0.135633933295806,-0.100838048880299
E,GAA,-0.290093057198823,0.0187587514687175,-0.326878814399242,-0.254651746650537
F,TTC,-0.277382991948724,0.0129710404172156,-0.303062478204568,-0.251904447376728
G,GGA,0.300788873166469,0.0464988935503588,0.210369229316711,0.391694247722626
G,GGC,0.501900184258819,0.0234183748342254,0.456137236952782,0.547477052609126
H,CAC,-0.205232294633985,0.0163527369756658,-0.237810643389821,-0.173679056266944
I,ATC,-0.10795005146414,0.00705153888595083,-0.121585697556535,-0.0940008221194148
K,AAA,0.296251421487331,0.0108045932113383,0.27532486692071,0.317737472057343
L,CTA,-0.222138915378956,0.0279113532248227,-0.27763244509697,-0.167607098817825
L,CTC,0.531515875243268,0.0589571475096317,0.419544875621796,0.649936139583588
L,TTA,0.235198709614575,0.0102308195310525,0.215319517006477,0.255920171737671
N,AAC,-0.339980246576667,0.0150739757009746,-0.369669352968534,-0.310139250258605
P,CCA,-0.880355276449742,0.0448605130395444,-0.969982981681824,-0.793672516942024
P,CCC,0.219545940154046,0.0280541034804635,0.166000051423907,0.275613662103812
Q,CAA,-0.494032191246748,0.0318908417280748,-0.557858324050903,-0.434426898757617
R,AGA,-0.595163939315101,0.0319061161154932,-0.659354254603386,-0.533672161400318
R,CGA,0.132760195335905,0.223306375608932,-0.318493604660034,0.563615202903748
R,CGC,0.730665866553783,0.0746228678423686,0.587473639845848,0.883417481184006
S,TCA,-0.0787490111698497,0.0355050725715986,-0.148906648159027,-0.00994351506233215
S,TCC,-0.0252782755994936,0.00823558703655384,-0.0411188283935189,-0.00935180857001493
T,ACA,-0.192069542958085,0.0339346939353339,-0.259283304214478,-0.126484870910645
T,ACC,-0.0426295586528257,0.0076259141136561,-0.0576212575659156,-0.0275411657057703
V,GTA,0.257305414572249,0.0257510185608891,0.20722758769989,0.307692915201187
V,GTC,-0.0460848374148831,0.00583061453396588,-0.057507897571971,-0.0345435999333859
Y,TAC,-0.33022116894424,0.0163737931502631,-0.362969589730104,-0.298228395730257
Z,AGC,0.058228489580401,0.0355781263176589,-0.0111016979984318,0.128395451977849
