AA,Codon,Posterior,Std.Dev,X0.025.,X0.975.
A,GCA,-0.158273682273424,0.0304639340687728,-0.218627125024796,-0.099202036857605
A,GCC,0.0376216611521381,0.00797401049514953,0.021924639477705,0.0533392475297054
C,TGC,0.201845679675241,0.0361025842454105,0.133189301565289,0.274492103109757
D,GAC,-0.139734072292248,0.0117104378546688,-0.162938479085763,-0.116809408490856
E,GAA,-0.185098314100703,0.0147510446221675,-0.214332525556286,-0.156601201618711
F,TTC,-0.226508815609813,0.0143689017894305,-0.255010952055454,-0.198842184990644
G,GGA,0.0677411294344579,0.0375790227572927,-0.00666970014572144,0.141127616167068
G,GGC,0.315608396918376,0.0184324343799445,0.280023169269164,0.352626843502124
H,CAC,-0.188608397915562,0.0174904296745749,-0.223051104818781,-0.154734901090463
I,ATC,-0.0977657075345019,0.0101860846059032,-0.117745004035532,-0.0779263766482472
K,AAA,0.227557374652227,0.00888707690823975,0.210270845020811,0.245033443967501
L,CTA,-0.205054816925164,0.0233618039521264,-0.251421496272087,-0.160054832696915
L,CTC,0.053510531030506,0.0293048853182915,-0.00292167067527771,0.111914709210396
L,TTA,0.139941785640518,0.0103385990094971,0.119787333284815,0.160401662687461
N,AAC,-0.27052610485514,0.0134978813601166,-0.29721310660243,-0.244447976350784
P,CCA,-0.587162324451491,0.036113107665476,-0.65912689268589,-0.517660468816757
P,CCC,0.181936243745685,0.0279252847139448,0.127915024757385,0.237184772019585
Q,CAA,-0.298502816527486,0.0194926117021272,-0.33755212277174,-0.260974097003539
R,AGA,-0.456584585675122,0.0266063583241573,-0.509564332664013,-0.405275426805019
R,CGA,0.158231075901239,0.105727552811868,-0.0507011413574219,0.364856362342834
R,CGC,0.344147317673365,0.0372787767405817,0.273560717701912,0.419385746121407
S,TCA,-0.0645241336170221,0.0234347712243591,-0.111365914344788,-0.0190334022045135
S,TCC,-0.0249424611413611,0.00889560924745521,-0.0422894851925472,-0.00744314673356711
T,ACA,-0.133773705206635,0.0281593544084352,-0.189600855112076,-0.0791297554969788
T,ACC,-0.0444792269393709,0.00929799084066133,-0.0626991237824162,-0.0261991570393244
V,GTA,0.185870787975504,0.0272076260846739,0.1328504383564,0.239684224128723
V,GTC,-0.0717057210362951,0.00837741443030313,-0.0880848733708262,-0.0551107435487211
Y,TAC,-0.261226390012304,0.0180124109281543,-0.29702908868591,-0.226413004224499
Z,AGC,-0.07025932789074,0.0248696451703409,-0.118833961586157,-0.0215774961126347
