AA,Codon,Posterior,Std.Dev,X0.025.,X0.975.
A,GCA,0.421247462123632,0.0152132126789353,0.391803707679113,0.451401042193174
A,GCC,-0.541899599532784,0.0287559776894456,-0.599212519824505,-0.486764267086983
G,GGA,0.596143281368415,0.0256425385214342,0.546661897997061,0.64736605733633
G,GGC,-0.212793012613983,0.0342523756137423,-0.28098464012146,-0.146774142980576
I,ATA,0.548747641382217,0.024710452683606,0.5009273553888,0.597987797856331
L,CTA,-0.12117872690008,0.0195056141532632,-0.159612402319908,-0.0831855162978172
L,CTC,-0.0303655589945776,0.0319250980554641,-0.0926346182823181,0.0327413082122803
P,CCA,-0.209611077654163,0.0151003477373657,-0.239547898992896,-0.180388350163897
P,CCC,-0.195614903270415,0.0419789655055909,-0.278106838464737,-0.113766461610794
R,CGA,1.28489075904687,0.0705492601338072,1.14802440504233,1.4254037976265
R,CGC,-0.782511930898279,0.0886206446808909,-0.960105359554291,-0.612398594617844
S,TCA,0.265490919563174,0.014055015062981,0.238437094787757,0.293401429553827
S,TCC,-0.354957272855583,0.021827646384883,-0.398650750517845,-0.312796998769045
T,ACA,0.309430578801433,0.0159115994398523,0.278452252099911,0.341054749240478
T,ACC,-0.487683623985987,0.0264852849263272,-0.540483180433512,-0.436437636613846
V,GTA,0.470559321311315,0.0230703249298368,0.426124656448762,0.516361592710018
V,GTC,-0.35639471033461,0.0187462568682303,-0.39362757652998,-0.32038027793169
