AA,Codon,Posterior,Std.Dev,X0.025.,X0.975.
A,GCA,-0.255594593100566,0.0363171540532538,-0.328076869249344,-0.185525625944138
A,GCC,0.106984919898957,0.0142119395672434,0.0787533234804869,0.13520160317421
C,TGC,0.195021566305772,0.102241267274954,0.00334548783721402,0.407234829415878
D,GAC,-0.0969572050593793,0.0134015814530973,-0.123143878951669,-0.0702929519116879
E,GAA,-0.233322599802911,0.014228754698945,-0.261515138794978,-0.205629460513592
F,TTC,-0.263245804223418,0.0275289821681511,-0.318303144226472,-0.209835619603594
G,GGA,-0.00385925325438114,0.0412302810516259,-0.0848886966705322,0.0774201154708862
G,GGC,0.257421080423892,0.0199006472780729,0.218134128426512,0.296251392861207
H,CAC,-0.214951838909835,0.0251447599447695,-0.264233563343684,-0.166574921583136
I,ATC,-0.123948574791476,0.0216179362159299,-0.166874670609832,-0.0815308681378762
K,AAA,0.35972430306077,0.0132036073135252,0.333537185440461,0.385478773961465
L,CTA,-0.214841059791352,0.0421427757839022,-0.296909123659134,-0.131142258644104
L,CTC,0.298711618901181,0.059068033004644,0.184622347354889,0.415503174066544
L,TTA,0.244317776685953,0.0215465027223286,0.202361537391941,0.287117069214582
N,AAC,-0.322051864525676,0.0158246051507056,-0.353658096988996,-0.29195433507363
P,CCA,-0.814274403202261,0.0370441069979821,-0.888420030474663,-0.742908656597137
P,CCC,0.318352309753001,0.0302555106943851,0.259603622555733,0.378439507136742
Q,CAA,-0.281505875682831,0.0199655395145471,-0.321377795189619,-0.24252946190536
R,AGA,-0.473550572068337,0.0277834785688382,-0.528692625463009,-0.419228091835976
R,CGA,-0.0584416827038877,0.114513378346257,-0.282561182975769,0.167681097984314
R,CGC,0.484427775353193,0.053555894960756,0.382467062026262,0.592141966025034
S,TCA,-0.102294200054468,0.0303495572304179,-0.162912279367447,-0.0442306697368622
S,TCC,0.0353820314190511,0.0151169988202678,0.0060713989698949,0.0655094835907221
T,ACA,-0.192882169661981,0.03333694975994,-0.257269144058228,-0.128170222043991
T,ACC,-0.0646975670962594,0.0138738690754218,-0.091996998898685,-0.0374275957544645
V,GTA,0.15407955096717,0.0355246888861754,0.0831787288188934,0.222762703895569
V,GTC,-0.0145630935117201,0.0187398518061034,-0.0510354574769735,0.0230965895888706
Y,TAC,-0.270351426227391,0.0299689096273941,-0.329080734153589,-0.212551327670614
Z,AGC,-0.0586434871380929,0.0257012346226047,-0.109551588073373,-0.00874905479916683
