AA,Codon,Posterior,Std.Dev,X0.025.,X0.975.
A,GCA,-0.171370089066027,0.013678839699579,-0.198489189147949,-0.144515216350555
A,GCC,0.0555507711559534,0.00425739121570532,0.0471275554038584,0.0639310212805867
C,TGC,0.399194568866491,0.0198441257702077,0.35996818219622,0.438426812241475
D,GAC,-0.106048633818328,0.00630100755676236,-0.118575361619393,-0.0934312486400207
E,GAA,-0.255353407557309,0.00668272168066191,-0.26834610030055,-0.242365815738837
F,TTC,-0.276700305613875,0.00710138565621755,-0.290676931788524,-0.263068726162116
G,GGA,0.281205180549297,0.0254919831605606,0.23080438375473,0.330278694629669
G,GGC,0.630974643659592,0.0169065122212219,0.597847157716751,0.665404358009497
H,CAC,-0.177434811018407,0.0109203244829744,-0.199181908989946,-0.156109680235386
I,ATC,-0.0831562819309533,0.00524401529265549,-0.0934515355154872,-0.0727672224243482
K,AAA,0.277735941597819,0.00525526423654864,0.267321523030599,0.288061519215504
L,CTA,-0.200513228635504,0.0113737802139194,-0.222703635692596,-0.178312629461288
L,CTC,0.327097230882075,0.0188698978207359,0.290988504886627,0.364618897438049
L,TTA,0.23231958784461,0.00532561350241704,0.221985615914067,0.242947576691707
N,AAC,-0.323862168192863,0.00915915737179822,-0.341899874558051,-0.305782681206862
P,CCA,-0.779031807144586,0.0300683368993797,-0.83823274075985,-0.720258668065071
P,CCC,0.260238860556483,0.0224532982116409,0.21682270616293,0.304220004131397
Q,CAA,-0.394598919552565,0.0106339128779502,-0.415480952709913,-0.373620651910702
R,AGA,-0.52492308656324,0.0124507884438915,-0.549474537372589,-0.500624246895313
R,CGA,0.0952695760592474,0.057085673525089,-0.0191837549209595,0.20624053478241
R,CGC,0.623600202894211,0.0251669931723562,0.574156520267328,0.674427625536919
S,TCA,-0.0582745321368399,0.0171585589474067,-0.0919086039066315,-0.0250742733478546
S,TCC,-0.0308224200314842,0.00658870239586246,-0.0437536251420776,-0.0178912870896359
T,ACA,-0.21086786422309,0.0180076838982107,-0.246374100446701,-0.175322234630585
T,ACC,-0.0626010230924934,0.00668868336626285,-0.0755256647864977,-0.0496371076131861
V,GTA,0.292668642532634,0.014600894555754,0.263393998146057,0.321475505828857
V,GTC,-0.0576639018949121,0.00543218989058515,-0.0682857803379496,-0.0469660056134065
Y,TAC,-0.294238968253136,0.00828750081364185,-0.310227558016777,-0.277809387197097
Z,AGC,0.126063263394311,0.0164351215496622,0.0938637432952722,0.158172582214077
