AA,Codon,Posterior,Std.Dev,X0.025.,X0.975.
A,GCA,-0.0906804269843668,0.0366160108527753,-0.16427144408226,-0.0215618014335632
A,GCC,0.0390733934390824,0.00800958182409297,0.0233982819598168,0.0548299385234714
C,TGC,0.348892753276229,0.0386502952589835,0.2763088285923,0.428188543766737
D,GAC,-0.110431076852232,0.00855065586791826,-0.127177034815152,-0.0938031806300084
E,GAA,-0.264525169239938,0.015801938603753,-0.296034504224857,-0.234307971100012
F,TTC,-0.263931159600616,0.0124808266247442,-0.288802196085453,-0.239780843878786
G,GGA,0.125074444294167,0.0351067982254689,0.0557301044464111,0.19354236125946
G,GGC,0.453733093744516,0.0167085472846059,0.421491256107887,0.487452681859334
H,CAC,-0.231468431812525,0.015993870819231,-0.263305435329676,-0.201265373826027
I,ATC,-0.0927313989624381,0.00744431328597581,-0.107401946559548,-0.0783559515451392
K,AAA,0.295411649981141,0.010046709493616,0.276093080391487,0.315099031974872
L,CTA,-0.250383670685137,0.0306055160517064,-0.310953259468079,-0.190416097640991
L,CTC,0.508185746544374,0.0598276103804024,0.393500059843063,0.627259999513626
L,TTA,0.236903782455623,0.0107918960057424,0.216278153285384,0.258385404447714
N,AAC,-0.333359213164449,0.013298588873395,-0.360334481298923,-0.307770677904288
P,CCA,-0.846661239183017,0.0507018761880815,-0.946741864085197,-0.749387294054031
P,CCC,0.271049213904142,0.0343787646773094,0.205673706779877,0.340845079968373
Q,CAA,-0.463540755140781,0.0298195181531013,-0.523299277325471,-0.406300941854715
R,AGA,-0.551232425371756,0.0291987275607205,-0.611046187579632,-0.496754132211208
R,CGA,-0.202612501479974,0.204067096623162,-0.591771006584167,0.21044933795929
R,CGC,0.673766781905293,0.0667209010016147,0.54909961471955,0.808235075573126
S,TCA,-0.151940852686734,0.0370463900928276,-0.226253181695938,-0.0816314816474915
S,TCC,-0.0289525047480543,0.00860371524947139,-0.0458628633370002,-0.0118692759036397
T,ACA,-0.198040868711882,0.035724515868174,-0.26842412352562,-0.129184991121292
T,ACC,-0.0422032131164335,0.00803430652849388,-0.0580358531946937,-0.0265086847823113
V,GTA,0.260239558116923,0.028325834083787,0.204598516225815,0.316436439752579
V,GTC,-0.0525172578021884,0.00623038994840382,-0.0646475692590078,-0.0401803514299293
Y,TAC,-0.330848125061393,0.016687518851711,-0.363949845979611,-0.298650260269642
Z,AGC,0.0429818750670748,0.032057385687398,-0.0192806056700647,0.106898108931879
