AA,Codon,Posterior,Std.Dev,X0.025.,X0.975.
A,GCA,-0.150930323486697,0.0295110930790505,-0.209620535373688,-0.0936154723167419
A,GCC,0.0516484603704885,0.00645612619529599,0.0389453217076759,0.0644808603450656
C,TGC,0.386774881061912,0.0415211699282123,0.30767958437403,0.471223345398903
D,GAC,-0.127160182791203,0.00966500530131797,-0.146198874463638,-0.108456498694917
E,GAA,-0.263822796159983,0.0132157781577035,-0.290093799928824,-0.237964942678809
F,TTC,-0.263391587564349,0.0131734467123873,-0.289260904242595,-0.237564801176389
G,GGA,0.188477090764863,0.0567195705663717,0.0760929584503174,0.298904001712799
G,GGC,0.536122363963723,0.0315840737180064,0.474911166230838,0.598558714985847
H,CAC,-0.197773987185955,0.0172723323631615,-0.232514952744047,-0.164269565790892
I,ATC,-0.0842303516045213,0.00814872220266454,-0.10029188208282,-0.0681663749118646
K,AAA,0.279322590664029,0.0091732824554745,0.261543559779723,0.297330650438865
L,CTA,-0.243836849959192,0.0239969761383147,-0.291341751813889,-0.197215706110001
L,CTC,0.359928813153846,0.0461031198861312,0.270102798938751,0.45331734418869
L,TTA,0.227054934582114,0.00902986084916643,0.20940094726781,0.244947663942973
N,AAC,-0.293490815675259,0.0152148840969971,-0.323452187081178,-0.263942442834377
P,CCA,-0.8434091948942,0.0675592026132337,-0.97825214266777,-0.711917206645012
P,CCC,0.312152079461515,0.0444476728298163,0.227215271194776,0.402482529481252
Q,CAA,-0.394880870464444,0.0212841771819891,-0.437775797893604,-0.354210583368937
R,AGA,-0.545446513326933,0.0254149224027709,-0.596276987344027,-0.496319089084864
R,CGA,0.130527037952485,0.139811771598694,-0.151700496673584,0.399976849555969
R,CGC,0.599142765891552,0.0504968708208323,0.504209518432617,0.702059769630432
S,TCA,-0.167717979542793,0.0388535707075271,-0.243847399950027,-0.0932610034942627
S,TCC,-0.0473751168105751,0.00995899465237024,-0.0670140005027254,-0.0277688703344514
T,ACA,-0.185819778284089,0.0369650561802563,-0.25945657491684,-0.113475918769836
T,ACC,-0.0801408200394362,0.0098584442908917,-0.0992779208968083,-0.0607064931032558
V,GTA,0.239230888773234,0.0293953004223451,0.181648313999176,0.298066735267639
V,GTC,-0.0492826083075255,0.00802586054534299,-0.0650850696489215,-0.0335514257351558
Y,TAC,-0.303728031842411,0.0153639429468576,-0.333987845232089,-0.273642908781767
Z,AGC,0.113460383853833,0.0360187371640053,0.0442990672153731,0.184898650397857
