AA,Codon,Posterior,Std.Dev,X0.025.,X0.975.
A,GCA,-0.0961266875936976,0.039222643342017,-0.173865467309952,-0.020280510187149
A,GCC,0.0508727508544838,0.0166977159227664,0.0182377716371169,0.0840109703441461
C,TGC,0.0740714437724075,0.0567786691745349,-0.0353033343640467,0.186969470853607
D,GAC,-0.133043894530435,0.0209676756150587,-0.17433626751105,-0.0919492829591036
E,GAA,-0.123695106331706,0.021451147311856,-0.166547405471404,-0.0823318238680561
F,TTC,-0.192111484641333,0.0230924372195844,-0.237821452195446,-0.147200168172518
G,GGA,0.0647897106480836,0.0489733579516909,-0.0319373309612274,0.15994268655777
G,GGC,0.248676314916611,0.0295984481812683,0.191832964494824,0.307738633453846
H,CAC,-0.165079728736778,0.0314199360178459,-0.226717280844847,-0.103836581110954
I,ATC,-0.0914728966747473,0.0199594927107682,-0.130541753396392,-0.052415897231549
K,AAA,0.249658910433451,0.0174768110992402,0.215507348751028,0.284046713262796
L,CTA,-0.136404065608865,0.0321512188481049,-0.199927546083927,-0.0736762508749962
L,CTC,0.00374939342031218,0.0395721559818204,-0.0734813213348389,0.081462100148201
L,TTA,0.132044323257133,0.0196843352991865,0.0934921711683273,0.170794684564074
N,AAC,-0.289520144108335,0.0219910615850314,-0.332758156706889,-0.246591324483355
P,CCA,-0.568140173350746,0.0461462199466481,-0.660090908408165,-0.479975357651711
P,CCC,0.216058572018792,0.0395321876849945,0.13970264395078,0.294587421913942
Q,CAA,-0.201740461724798,0.0260301690893057,-0.25322899967432,-0.151311474045118
R,AGA,-0.381738521000536,0.0355783869199016,-0.452390871010721,-0.312772357836366
R,CGA,0.110391341357725,0.119399636349297,-0.12502121925354,0.34307461977005
R,CGC,0.332935527161062,0.0590140042793059,0.22007970996201,0.452390637248755
S,TCA,-0.00710029797793798,0.0300691751131585,-0.066712960600853,0.0511620342731476
S,TCC,-0.00349063951674375,0.0167841497208628,-0.0362104286129276,0.0295994212230047
T,ACA,-0.0726956644091097,0.0360789000379438,-0.14402237534523,-0.0023435652256012
T,ACC,-0.0267348069815537,0.0192045588556116,-0.0644142597913742,0.0110682639060542
V,GTA,0.210751924401972,0.0361608683173715,0.140012085437775,0.282074809074402
V,GTC,-0.0653317968758864,0.0184358024751634,-0.101134873429934,-0.0289951065244774
Y,TAC,-0.283654073738456,0.0305359838983689,-0.344049594799678,-0.224829535434643
Z,AGC,-0.0413757582194251,0.0321687635752557,-0.104347628727555,0.0219194034114481
