AA,Codon,Posterior,Std.Dev,X0.025.,X0.975.
A,GCA,-0.251127732523011,0.0609898346027022,-0.375689774751663,-0.133904576301575
A,GCC,0.0732259523488581,0.0122787182199611,0.0496024994179606,0.0977835022533933
C,TGC,0.344686908578873,0.0479586470842158,0.253477069487174,0.442588513841232
D,GAC,-0.120411190574616,0.0103266053600041,-0.141029036293427,-0.100379449315369
E,GAA,-0.281645860774815,0.0242702965750253,-0.329464922100306,-0.234244477003813
F,TTC,-0.297255205112696,0.0212712288051614,-0.340198599298795,-0.256812346229951
G,GGA,0.219800356256641,0.0587512695983431,0.105846107006073,0.334771454334259
G,GGC,0.437561101526022,0.0269159058367066,0.385927192121744,0.490541848291953
H,CAC,-0.179954669934511,0.0201686574543696,-0.220168424894412,-0.140826324000955
I,ATC,-0.127740649650246,0.0126536541844707,-0.152735583732526,-0.103472573372225
K,AAA,0.306296971565485,0.0143545038786638,0.278374892969926,0.335056645174821
L,CTA,-0.210799836505116,0.0404631190389352,-0.291771098971367,-0.132268607616425
L,CTC,0.471464254599001,0.0865884979957644,0.30408850312233,0.644725769758224
L,TTA,0.226297261567414,0.0154043095639884,0.196613570923607,0.256793570518494
N,AAC,-0.343195235440135,0.0183482804840587,-0.37977615048488,-0.307515682031711
P,CCA,-0.868273868393974,0.048909646840636,-0.966215193271637,-0.77441143989563
P,CCC,0.230130323308706,0.031730862725761,0.169274998828769,0.294381097207467
Q,CAA,-0.548204664820433,0.0444760943245264,-0.637264217436314,-0.464010495195786
R,AGA,-0.614228527345946,0.0444462710116204,-0.7031453512609,-0.531389325857162
R,CGA,0.104008100590888,0.307018555784194,-0.511260271072388,0.70391857624054
R,CGC,0.615700718989968,0.086254517653797,0.454626708974441,0.794070587058862
S,TCA,-0.0381636812369617,0.0435018577514442,-0.12450897693634,0.0472114384174347
S,TCC,-0.00622097466682886,0.010755338172683,-0.0269449407700449,0.0155969127003724
T,ACA,-0.207368136459488,0.0459646000605914,-0.298485904932022,-0.119034171104431
T,ACC,-0.0433940516036935,0.0102092706760675,-0.0633147439608971,-0.0232656381713847
V,GTA,0.234698179882415,0.043271808363726,0.150543034076691,0.321473717689514
V,GTC,-0.0356068558499479,0.0105482940330327,-0.0561843634272615,-0.0150112938523913
Y,TAC,-0.346645406955481,0.0259469201056718,-0.399469258139531,-0.296580608934164
Z,AGC,0.0482060986869898,0.0417344500578088,-0.0305603393198301,0.133524027466774
