AA,Codon,Posterior,Std.Dev,X0.025.,X0.975.
A,GCA,-0.14049338733312,0.0264583365562148,-0.192894458770752,-0.0893365144729614
A,GCC,0.046914629133977,0.005715472572838,0.0358428995745877,0.0580985186311106
C,TGC,0.349491080968082,0.0306845010235005,0.29004979133606,0.411203959832589
D,GAC,-0.123317578133941,0.00838640505930018,-0.139480578402678,-0.106679639344414
E,GAA,-0.270463395665586,0.0119344454337917,-0.294376538445552,-0.247354574874043
F,TTC,-0.264146328535676,0.0101935061513026,-0.283928994337718,-0.244430464630326
G,GGA,0.276823543701252,0.045213259659224,0.188268840312958,0.366429805755615
G,GGC,0.574197316226363,0.0261161774660285,0.523785073558489,0.626695391039054
H,CAC,-0.212362308506668,0.014666057989194,-0.240989516178767,-0.183652751644452
I,ATC,-0.0911683549262583,0.0059093414538388,-0.102502688641349,-0.0792489947130283
K,AAA,0.280000114502013,0.00798194030500884,0.264653023829063,0.295504525552193
L,CTA,-0.240937177034846,0.0207668001485231,-0.281940847635269,-0.19981437921524
L,CTC,0.421595434700414,0.0389295776136304,0.346321940422058,0.499820739030838
L,TTA,0.231669512358308,0.00740749967964296,0.217094846318165,0.246100614716609
N,AAC,-0.304750589516759,0.0132861261815457,-0.331070687621832,-0.279077899704377
P,CCA,-0.869396787058197,0.0583231106066102,-0.986924588680267,-0.757759511470795
P,CCC,0.271092056457698,0.0363187835589264,0.201479520772894,0.344463209807873
Q,CAA,-0.401156798863411,0.0193926198087287,-0.439217848082383,-0.36346851537625
R,AGA,-0.553317616209064,0.0226535914771843,-0.598274677991867,-0.509754460304976
R,CGA,0.138106740101518,0.127454804606491,-0.113324284553528,0.390138745307922
R,CGC,0.659168938791752,0.0478893335708903,0.56799067457517,0.755867566665014
S,TCA,-0.165271484891172,0.0330298808943125,-0.230761766433716,-0.100844204425812
S,TCC,-0.0502755316758528,0.00791213554468923,-0.0657637881735961,-0.0346767316882809
T,ACA,-0.180535771616482,0.0299322850731972,-0.240143477916718,-0.123619645833969
T,ACC,-0.0642486334461719,0.00753342961995774,-0.0792646485070388,-0.0496805133918921
V,GTA,0.252292322297178,0.0220169971296597,0.210373103618622,0.295758634805679
V,GTC,-0.0502709823938087,0.00530215960535568,-0.0605807297242184,-0.0398748465813696
Y,TAC,-0.308905223745108,0.0121553514202582,-0.33268663311998,-0.285223786532879
Z,AGC,0.105764198586275,0.0313999540513764,0.0442198512454828,0.167575587083896
