AA,Codon,Posterior,Std.Dev,X0.025.,X0.975.
A,GCA,-0.47210350950999,0.202073101223445,-0.90307030081749,-0.110463201999664
A,GCC,0.0665747055373191,0.0516010853914567,-0.0314660483971238,0.171378038575252
C,TGC,0.13428423889555,0.124881023819769,-0.0896373982851704,0.398633163422346
D,GAC,-0.161737663239133,0.0728126605621058,-0.308123476803303,-0.0229615157470108
E,GAA,-0.268868127018958,0.0532852663594669,-0.377874910086393,-0.170250212897857
F,TTC,-0.196295917197526,0.054507069511952,-0.307276216397683,-0.0933442901199063
G,GGA,0.494557939537,0.214967072569883,0.0879168808460236,0.932962149381638
G,GGC,0.571503286983818,0.153219070539151,0.294510680437088,0.890681320925554
H,CAC,-0.458690201638639,0.0988817741226028,-0.659072127938271,-0.268883710354567
I,ATC,-0.10855073800385,0.032421905407492,-0.172838207706809,-0.0454467762261629
K,AAA,0.243890909539908,0.0441655945990354,0.159870053703586,0.332675015181303
L,CTA,-0.166017470929208,0.13622971133802,-0.437095254659653,0.098713606595993
L,CTC,0.574672944489832,0.188752821989859,0.228677064180374,0.969491019845009
L,TTA,0.363758059004694,0.0724126623397712,0.228075260172288,0.513175380726655
N,AAC,-0.459488984010182,0.1048623820248,-0.670378258327643,-0.262218704819679
P,CCA,-0.694599466330652,0.272411031718087,-1.29526025056839,-0.227365672588348
P,CCC,-0.231905070294556,0.243665923095187,-0.718765313426654,0.23997540573279
Q,CAA,-0.486718927867711,0.0977572692236913,-0.688015519082546,-0.302593456208706
R,AGA,-0.752065615673686,0.123045156512715,-1.00357534267823,-0.518394984304905
R,CGA,-0.793522957723959,0.704399970111976,-2.2520055770874,0.508439540863037
R,CGC,0.540202188870031,0.185612612082457,0.210053156192104,0.937216722468535
S,TCA,-0.382119637029241,0.134777172787663,-0.654825448989868,-0.126127958297729
S,TCC,0.00657651319018587,0.0333372736966534,-0.0578400360730787,0.0731281341363986
T,ACA,-0.37118786890624,0.0874928148892306,-0.551389783620834,-0.207412153482437
T,ACC,-0.120225862244517,0.0265705997272852,-0.172362623239557,-0.0678060419236621
V,GTA,0.208631248129819,0.0792297860812141,0.05443075299263,0.363659590482712
V,GTC,-0.140744146718644,0.0267184934551626,-0.193460129201412,-0.0883294237777591
Y,TAC,-0.351249484764785,0.0656855689935583,-0.481724881629149,-0.22649343162775
Z,AGC,-0.0303169524716894,0.0989102202170657,-0.222043492769202,0.165304824834069
