AA,Codon,Posterior,Std.Dev,X0.025.,X0.975.
A,GCA,-0.199993424809069,0.01928301765317,-0.237666130065918,-0.162310123443604
A,GCC,0.0655963973422349,0.0067053151706187,0.0524917761174341,0.0786643603816629
C,TGC,0.430278509537776,0.0228333742585689,0.38582390944163,0.475579221298297
D,GAC,-0.10977899176379,0.00519619879423277,-0.119962343263129,-0.0995775094255805
E,GAA,-0.26642948651433,0.00910115123120243,-0.284373333801826,-0.248611889407039
F,TTC,-0.304956427863836,0.00977124187499765,-0.32418543746074,-0.285887724409501
G,GGA,0.119124808805268,0.0153515753676832,0.0889644622802734,0.148955762386322
G,GGC,0.417083156862656,0.0080245211056884,0.401488037407398,0.432823332895835
H,CAC,-0.194198437096278,0.00993181843808795,-0.213661520431439,-0.174800724412004
I,ATC,-0.0956921300453941,0.00780573795703297,-0.110904626486202,-0.0804436237240831
K,AAA,0.300813975315094,0.00633387359654112,0.288345986356338,0.31328456501166
L,CTA,-0.231868299698991,0.0180794222048724,-0.267218470573425,-0.196557641029358
L,CTC,0.318907963648406,0.0297408098067538,0.261061072349548,0.377609133720398
L,TTA,0.232698689017693,0.00821734659651668,0.216674241796136,0.248914661755164
N,AAC,-0.30925946554184,0.00654816470832444,-0.322099530696869,-0.296433194478353
P,CCA,-0.830115521558595,0.0162964331424546,-0.862286895513535,-0.798587173223495
P,CCC,0.272679719735185,0.0123630834617328,0.248529523611069,0.296842146913211
Q,CAA,-0.411993792675734,0.0132716859444808,-0.438180513183276,-0.386174034327269
R,AGA,-0.523804469203804,0.0149918710659877,-0.553370079491287,-0.494624492130242
R,CGA,0.153982184858024,0.0682481784370217,0.0201234817504883,0.288123250007629
R,CGC,0.605994077778657,0.0292849986902522,0.549265086650848,0.664237665633361
S,TCA,-0.10042677375104,0.0143114040671346,-0.128462821245193,-0.0724263191223145
S,TCC,0.00416722970089012,0.00574686879459991,-0.00712030202072735,0.0154870665942629
T,ACA,-0.193978265823313,0.0155390706620825,-0.22457018494606,-0.163549453020096
T,ACC,-0.0479517415425181,0.00591942650052323,-0.0595469466100136,-0.0363308406745394
V,GTA,0.201567325433844,0.0177512535844445,0.167051911354065,0.236375421285629
V,GTC,-0.0473800823111087,0.00721654160980018,-0.0614241422774891,-0.0333083190955221
Y,TAC,-0.274792447912296,0.0106304237206422,-0.295627371221781,-0.254067765176296
Z,AGC,0.000228666654049602,0.0130461742490999,-0.0252893824751178,0.0257884706060092
