AA,Codon,Posterior,Std.Dev,X0.025.,X0.975.
A,GCA,-0.126922926827384,0.0329786447874393,-0.19233763217926,-0.0627121329307556
A,GCC,0.0373698387682729,0.009859862922096,0.0181661793186019,0.0567550431316098
C,TGC,0.168091807888548,0.0391160774592602,0.0932199843848745,0.247056479007006
D,GAC,-0.126586865352293,0.013177990200079,-0.152525266632438,-0.100944637569288
E,GAA,-0.172003004602989,0.0160100051216758,-0.203743557880322,-0.1410423455139
F,TTC,-0.233708823198875,0.0162071902491358,-0.265815642227729,-0.202326943228642
G,GGA,0.0819342999625617,0.0400569121593679,0.00331073999404907,0.160150766372681
G,GGC,0.310033665017883,0.0205501476521887,0.270499366521835,0.350971136242151
H,CAC,-0.197286018525561,0.0207120734492022,-0.238321882362167,-0.157065459837516
I,ATC,-0.0981110898603499,0.0120407014416736,-0.121729946322739,-0.0745753852029641
K,AAA,0.242926268447439,0.0105677262610909,0.22241922604541,0.263744053989649
L,CTA,-0.159787446541882,0.0250662068730797,-0.20943097025156,-0.1111850887537
L,CTC,0.0517721362745261,0.0323759130094977,-0.0107978284358978,0.116131842136383
L,TTA,0.147113367400964,0.0121397720757143,0.123536971770227,0.171268006786704
N,AAC,-0.276969519344966,0.0155697073390832,-0.307716671129068,-0.247051825622718
P,CCA,-0.616788635781074,0.0396794169151299,-0.695393428206444,-0.540437415242195
P,CCC,0.191782085384329,0.0301109870591845,0.133653189366062,0.251590666671594
Q,CAA,-0.260858684051037,0.0201424997995897,-0.300752315421899,-0.22216764613986
R,AGA,-0.432404024920938,0.0280149767552705,-0.488222090527415,-0.378509745001793
R,CGA,0.0924248658570145,0.111725070015246,-0.128832578659058,0.310946464538574
R,CGC,0.34298419819653,0.0422568431095885,0.262386553982894,0.428079335888227
S,TCA,-0.0276378001385191,0.0253288259391845,-0.0772925317287445,0.0217147767543793
S,TCC,-0.0265387743008503,0.0106187019534516,-0.0472962992886702,-0.00572913682165866
T,ACA,-0.0958011968275927,0.0301755562369442,-0.155528247356415,-0.0369711518287659
T,ACC,-0.0487141579857717,0.0115277577161328,-0.0712279938782255,-0.0261548815915982
V,GTA,0.181110301097718,0.0284812463200671,0.125735521316528,0.237254679203033
V,GTC,-0.0617504655056447,0.0102302132474717,-0.0816821988051136,-0.0417615933343768
Y,TAC,-0.273388520706892,0.0206593861215487,-0.314492909361919,-0.233643410603205
Z,AGC,-0.0648782418388654,0.0264637035936018,-0.116902834363282,-0.0130886495113372
