AA,Codon,Posterior,Std.Dev,X0.025.,X0.975.
A,GCA,-0.144124734396935,0.0378782815111758,-0.220617830753326,-0.0702670812606812
A,GCC,0.0436235875204206,0.00954243616716048,0.0249931956020494,0.0623859134502709
C,TGC,0.228333727119863,0.0423948518458882,0.147586612527569,0.313549523552259
D,GAC,-0.12452156482935,0.0126175512755014,-0.149406560882926,-0.0998068725690246
E,GAA,-0.204482821555436,0.0166873480971311,-0.237257423872749,-0.17218629779915
F,TTC,-0.22623881893307,0.0160650362639977,-0.258174277842045,-0.19531486928463
G,GGA,0.07206300426967,0.0437871513961964,-0.0140062570571899,0.157705962657928
G,GGC,0.327452165281773,0.0210469284182626,0.28680517822504,0.369828854997953
H,CAC,-0.191598214264959,0.0185018702990249,-0.227558867136637,-0.1556308063368
I,ATC,-0.0863300354797393,0.0111486300938067,-0.107885953659813,-0.0645962702731292
K,AAA,0.229690275302529,0.00947205345629532,0.211293968309959,0.248435847709576
L,CTA,-0.202446240081351,0.0286347031101386,-0.25939454138279,-0.146952077746391
L,CTC,0.118752626894581,0.0386869232428761,0.0439101159572601,0.196171581745148
L,TTA,0.147399344300479,0.0114871992766334,0.125091852992773,0.170058814436197
N,AAC,-0.270145570152998,0.0149335671912184,-0.299534586071968,-0.241187450289726
P,CCA,-0.63455389966912,0.0430134631533082,-0.720810115337372,-0.553225621581078
P,CCC,0.210946764994413,0.0331908802665145,0.147111883138617,0.278226264814536
Q,CAA,-0.319999224232137,0.02245139889439,-0.364613020171722,-0.276671185344458
R,AGA,-0.496351506169942,0.0307512690516544,-0.558452665805817,-0.437867574393749
R,CGA,0.244724123087684,0.120789864913802,0.0100716352462769,0.483180642127991
R,CGC,0.377535797341168,0.0423718972127014,0.299540384113789,0.46432267849644
S,TCA,-0.0427857330591366,0.0296246646911255,-0.102063179016113,0.0151773989200592
S,TCC,-0.0280348230557694,0.00989052373587536,-0.0474714430049062,-0.00873810609336943
T,ACA,-0.193153531281558,0.0352162900393521,-0.263080984354019,-0.124989092350006
T,ACC,-0.0532447459734976,0.0106069589382724,-0.0741329478099942,-0.0325788287445903
V,GTA,0.185459562948961,0.0326598311851241,0.122010409832001,0.250139176845551
V,GTC,-0.0566785483166575,0.00915709576350805,-0.0744997332493464,-0.0388664927333593
Y,TAC,-0.25839427832067,0.0196356623896822,-0.297695046414932,-0.220318516592185
Z,AGC,-0.0975011300133818,0.0303548822128721,-0.158364182213942,-0.037812378940483
