AA,Codon,Posterior,Std.Dev,X0.025.,X0.975.
A,GCA,-0.12724721214793,0.023215458159407,-0.173168450593948,-0.0821928679943085
A,GCC,0.0468440695194528,0.0050458645101079,0.0369930982589722,0.0569482173460225
C,TGC,0.366013890871406,0.0281299907317473,0.312182182321946,0.421605698019266
D,GAC,-0.117685788014531,0.00642181957677454,-0.130263676246007,-0.105330761149526
E,GAA,-0.263844001722336,0.0100418391439668,-0.28383032977581,-0.244194378331304
F,TTC,-0.26378505551368,0.00913027154616836,-0.281557425608238,-0.245858070751031
G,GGA,0.143806917984931,0.0302923765766749,0.0842528343200684,0.202197432518005
G,GGC,0.473251439595222,0.0149054857745718,0.444533378134171,0.502946053445339
H,CAC,-0.216459140811861,0.0118511650760921,-0.240010560924808,-0.193458436926206
I,ATC,-0.0888998661160469,0.00547834405911174,-0.0995200932646791,-0.0783323542525371
K,AAA,0.286568216755986,0.00675676108167622,0.273218769331773,0.299825343241294
L,CTA,-0.246657587777804,0.0188865318095046,-0.284609168767929,-0.210245877504349
L,CTC,0.417495071318803,0.0362206217444859,0.347436726093292,0.490372329950333
L,TTA,0.230962915937603,0.00692409584766162,0.217492001752059,0.244524220873912
N,AAC,-0.316971606889367,0.010053283430915,-0.33718462040027,-0.29740724042058
P,CCA,-0.843916108230748,0.0398045148624077,-0.923219472169876,-0.766786009073257
P,CCC,0.287306958474219,0.0270031040517374,0.234546923264861,0.340579294164975
Q,CAA,-0.419501691424847,0.0175085309720926,-0.454374111443758,-0.385475206871827
R,AGA,-0.546674026354478,0.0193763291120818,-0.585179023444653,-0.509276580065489
R,CGA,0.0307243850252388,0.120076857376771,-0.211515784263611,0.264092564582825
R,CGC,0.628026036322117,0.0409576251117153,0.549431689083576,0.709970166782538
S,TCA,-0.158213623803015,0.0265343097454282,-0.210492551326752,-0.106603384017944
S,TCC,-0.0367254479339346,0.00641415613590811,-0.0493075414250294,-0.0240342592665305
T,ACA,-0.191584957529814,0.0255138214842813,-0.241982370615005,-0.143012940883636
T,ACC,-0.0574497112695128,0.00623718899879257,-0.0699027836322784,-0.045497542557617
V,GTA,0.24988864353747,0.0204356040656462,0.210425138473511,0.289750903844833
V,GTC,-0.0514004077833146,0.00495044721210467,-0.0611438875397046,-0.0416791746392846
Y,TAC,-0.316477900764346,0.0112581686589548,-0.339160749067863,-0.294848099599282
Z,AGC,0.0746492584584339,0.0240426160392004,0.0282973055417339,0.122532396142681
