AA,Codon,Posterior,Std.Dev,X0.025.,X0.975.
A,GCA,-0.172210911195548,0.027116310591284,-0.225987583398819,-0.118105232715607
A,GCC,0.0565573860321194,0.005783268055135,0.0455132643381755,0.0679031370828549
C,TGC,0.368007902640104,0.0312797003002935,0.308383130530516,0.430314017832279
D,GAC,-0.123873118729889,0.00699960394933332,-0.137755402301749,-0.1104533671091
E,GAA,-0.267473948480189,0.0115962712624049,-0.29032255584995,-0.245195639505982
F,TTC,-0.273327079622448,0.0112041808572418,-0.295397916436195,-0.25119971036911
G,GGA,0.203857796518293,0.0404644470490777,0.123731374740601,0.282371163368225
G,GGC,0.481174655401707,0.0207368655281087,0.441028019040823,0.523440937697887
H,CAC,-0.190401556268334,0.0133055249542718,-0.216652704030275,-0.164364909753203
I,ATC,-0.0975028599694371,0.00687765431618328,-0.111143497998516,-0.0839869607860843
K,AAA,0.287369486281276,0.00776639870702274,0.271918568263451,0.302785338709752
L,CTA,-0.2354107459266,0.0207062046953471,-0.276787012815475,-0.195198744535446
L,CTC,0.385433125887474,0.0404665810373599,0.308073282241821,0.465707719326019
L,TTA,0.226787115824223,0.00769063891978618,0.211856483047207,0.241945307701826
N,AAC,-0.314668062767386,0.011721713718137,-0.33762549435099,-0.291892492274443
P,CCA,-0.858848105037693,0.0387349167171594,-0.935628622770309,-0.783545464277267
P,CCC,0.259039546559751,0.0256483757744057,0.209947565446297,0.310548976312081
Q,CAA,-0.427498312941194,0.0192646436859574,-0.46546692798535,-0.389431465168794
R,AGA,-0.564129130398347,0.0223424054864212,-0.607804957777262,-0.521043192595243
R,CGA,0.132312106831099,0.124482703955477,-0.107959985733032,0.372271776199341
R,CGC,0.602268356406689,0.0440627284747872,0.517084643741449,0.692146245141824
S,TCA,-0.112028883798231,0.0287810872441139,-0.16829913854599,-0.054865300655365
S,TCC,-0.0280481772648403,0.00721196985428109,-0.0419877318665385,-0.013949148535418
T,ACA,-0.19312690900643,0.029058086702709,-0.250102669000626,-0.136096626520157
T,ACC,-0.062342476606369,0.00718638580557913,-0.0767244102433324,-0.0483891309859852
V,GTA,0.237251424682747,0.0244534627704163,0.189995169639587,0.285560727119446
V,GTC,-0.0442896845309064,0.00635469471219445,-0.0565953695836167,-0.0317003876591722
Y,TAC,-0.315096106675267,0.0132389962424348,-0.341657589624325,-0.289750635375579
Z,AGC,0.0864594285478874,0.0275464693469787,0.0331220919576784,0.141206506391366
