AA,Codon,Posterior,Std.Dev,X0.025.,X0.975.
A,GCA,-0.233482039155942,0.0427130703373057,-0.319665968418121,-0.151711255311966
A,GCC,0.0916069760274142,0.0161150769618474,0.0605939537286758,0.12382194288075
C,TGC,0.228235960406095,0.116174592840139,0.0187690409831703,0.475365182260672
D,GAC,-0.0961464259143919,0.0149269967845052,-0.124883802669744,-0.0671504952634374
E,GAA,-0.22289980224967,0.0166402912560577,-0.255475996186336,-0.190604153399666
F,TTC,-0.241100495301187,0.0309446202245922,-0.303131541361411,-0.1812375549227
G,GGA,0.0309075173998151,0.0478670118982246,-0.0655264854431152,0.122338056564331
G,GGC,0.265443353995681,0.0234460187583697,0.220314842710892,0.312824250757694
H,CAC,-0.220829724854231,0.0281841307551318,-0.276078165322542,-0.166671170666814
I,ATC,-0.130868556354567,0.0242702891547761,-0.177679358795285,-0.0820513161520164
K,AAA,0.355063605338335,0.015274456836649,0.325343371927738,0.384598075598478
L,CTA,-0.165436649799895,0.0479301759262261,-0.259974122047424,-0.0728144645690918
L,CTC,0.327356970267896,0.0686200872317029,0.196155726909637,0.463141918182373
L,TTA,0.251058847121894,0.0246743375366825,0.203553398450216,0.300175587336222
N,AAC,-0.31628710487783,0.0179262127790303,-0.35215933645765,-0.280805781235298
P,CCA,-0.758074448341793,0.0427293870380619,-0.841223031282425,-0.67466402053833
P,CCC,0.257158616945148,0.0328299150361619,0.192751656100154,0.321305019408464
Q,CAA,-0.239877971352637,0.0225886073551443,-0.28479275504748,-0.195926796024044
R,AGA,-0.452156184286389,0.032641183948062,-0.51735558360815,-0.389854338020086
R,CGA,-0.0968909753750424,0.129072483933869,-0.350848317146301,0.148541688919067
R,CGC,0.473924054932594,0.0611209864550155,0.356482563664516,0.596890807151794
S,TCA,-0.101926305701453,0.0351512620584221,-0.171287596225739,-0.0342091023921967
S,TCC,0.0394951738302926,0.0171372515337501,0.00651497831568122,0.0736681489273906
T,ACA,-0.173548003316891,0.0387905803437745,-0.2503482401371,-0.0975984930992126
T,ACC,-0.0685965878179297,0.0156323945203882,-0.0992634199559689,-0.038488716352731
V,GTA,0.150266788002193,0.0412977557337664,0.0687258839607239,0.2327631264925
V,GTC,-0.00744223392015685,0.021129169238318,-0.0485883901516596,0.0336416204149524
Y,TAC,-0.257632785744965,0.03407730599107,-0.325541358192762,-0.190702121828993
Z,AGC,-0.029573446047011,0.0300679399682006,-0.0880994932105144,0.0305686502562214
