AA,Codon,Posterior,Std.Dev,X0.025.,X0.975.
A,GCA,-0.0882617235422111,0.0387139752839936,-0.165265053510666,-0.0140853524208069
A,GCC,0.0500220033273905,0.0160386896075591,0.0189965575467795,0.0813690680389603
C,TGC,0.103596826320347,0.0555553877386264,-0.00342757288987438,0.214665875956416
D,GAC,-0.127552594962344,0.0198887690245917,-0.167001956452926,-0.0888289314384262
E,GAA,-0.137230528269708,0.0211154189735215,-0.179856756081184,-0.0965423824265599
F,TTC,-0.219874435333908,0.0226345013414667,-0.263816239188115,-0.176699176679055
G,GGA,0.0874158006503026,0.0499383909583185,-0.0125924944877625,0.186105161905289
G,GGC,0.279495052224398,0.0296630150844046,0.221495638787746,0.338604073226452
H,CAC,-0.167896684195846,0.0297646509185104,-0.227175851042072,-0.109948920023938
I,ATC,-0.100414444277808,0.0191380324777102,-0.138139951849977,-0.062987883326908
K,AAA,0.271095461280644,0.0167653278842853,0.238796223079165,0.304518884172042
L,CTA,-0.122384041814852,0.0314994641429805,-0.184104233980179,-0.0615524649620056
L,CTC,0.0289562453199489,0.0396697780850306,-0.0484468936920166,0.10752084851265
L,TTA,0.130842077794671,0.0183103055876122,0.0950663963332772,0.166801058997711
N,AAC,-0.285297045788169,0.0213285035325078,-0.327505504588286,-0.243830582499504
P,CCA,-0.58993835407306,0.0473484070608367,-0.683570623397827,-0.498135566711426
P,CCC,0.216485537643731,0.0381334117495224,0.142286090676983,0.292440951118867
Q,CAA,-0.199726792606711,0.0253439450986641,-0.250663963456949,-0.150637963662545
R,AGA,-0.402020729573702,0.03517436407993,-0.471777833532542,-0.33347506634891
R,CGA,0.103725866822764,0.121157387088946,-0.140951156616211,0.335384547710419
R,CGC,0.308394391570985,0.0543165054569063,0.206065842136741,0.415862775345643
S,TCA,-0.00135422770875226,0.030803892447365,-0.0611465871334076,0.0588120222091675
S,TCC,-0.0213940857804067,0.0156413782086718,-0.0518874263080458,0.00927061314384142
T,ACA,-0.0575293268222068,0.0367479926131028,-0.130429983139038,0.0130941867828369
T,ACC,-0.0411455539904156,0.0184080004001738,-0.0777215660239259,-0.00479234676264853
V,GTA,0.185672172450171,0.0351095432254734,0.116230934858322,0.255244985222816
V,GTC,-0.0792517227346078,0.0170439999796236,-0.113246592693031,-0.046035670551161
Y,TAC,-0.26481249371022,0.0290417014354204,-0.321668200194836,-0.207950698708495
Z,AGC,-0.0396340744056655,0.0330189936611501,-0.103320600216587,0.0250966328041007
