AA,Codon,Posterior,Std.Dev,X0.025.,X0.975.
A,GCA,-0.140992413862005,0.0354188056571117,-0.211399257183075,-0.0722582340240479
A,GCC,0.0253042768525788,0.0108731223129358,0.00409077930962667,0.046700519695878
C,TGC,0.376798100022078,0.0304345354268331,0.317784017324448,0.437439935157696
D,GAC,-0.0853896368535111,0.0153014834362487,-0.115226316576203,-0.0553913851268589
E,GAA,-0.260775138069391,0.0186214812682346,-0.297713348269463,-0.224637429043651
F,TTC,-0.256125196584662,0.0115855906600873,-0.279178491979837,-0.233546567708254
G,GGA,0.469897161404948,0.0509477961755359,0.369101405143738,0.569861769676208
G,GGC,0.711171391425133,0.0330586115907644,0.647615267833074,0.777158425748348
H,CAC,-0.182083802055617,0.0192696788169557,-0.220278750111659,-0.144768952826659
I,ATC,-0.0983322667561968,0.00720047403577274,-0.112497738127907,-0.0842064202452699
K,AAA,0.243635708095034,0.0125652477121569,0.219257136061788,0.268480801830689
L,CTA,-0.22439728660544,0.0243668402699379,-0.272638291120529,-0.176777392625809
L,CTC,0.445315907804828,0.041215296881285,0.364905178546906,0.526945114135742
L,TTA,0.21927514035364,0.0104334681197641,0.198902896791697,0.239771628503998
N,AAC,-0.331495064643025,0.0208644092146542,-0.372836209833622,-0.291073446720839
P,CCA,-0.730078847785174,0.0819082002643886,-0.897101283073425,-0.575511693954468
P,CCC,0.0480568196122259,0.0556497006937871,-0.0591995309727887,0.158951962118348
Q,CAA,-0.421796220503648,0.0279997145582748,-0.477182724823554,-0.367718070993821
R,AGA,-0.562935420333121,0.0295599923424156,-0.621634054929018,-0.50579312897753
R,CGA,0.0605671067035741,0.151606175578613,-0.239487767219543,0.356138467788696
R,CGC,0.755456321027279,0.063090578246931,0.635712907711665,0.882472071548303
S,TCA,-0.0951118867809227,0.0386649774684743,-0.171364665031433,-0.0204611420631409
S,TCC,-0.0425860199563636,0.0123153660771038,-0.0666532445698977,-0.0183997688038895
T,ACA,-0.184382182940078,0.0308947193131394,-0.245138019323349,-0.124371975660324
T,ACC,-0.0554862786188225,0.00994490684157354,-0.0750313567618529,-0.0360134378075599
V,GTA,0.23709497343931,0.0191679124409688,0.199429661035538,0.274629414081573
V,GTC,-0.0500522386556367,0.00626347663681744,-0.0622968014640113,-0.0377958288726707
Y,TAC,-0.280179008210699,0.0140170139561712,-0.307856180270513,-0.252949208766222
Z,AGC,0.135398664906946,0.0404203407388177,0.0570770972718795,0.215610142548879
