AA,Codon,Posterior,Std.Dev,X0.025.,X0.975.
A,GCA,-0.150221597679304,0.0406767170745034,-0.230417221784592,-0.0723060965538025
A,GCC,0.0395600878240133,0.0124467543677313,0.015538571192883,0.0643642811725537
C,TGC,0.42809329110384,0.0351334764768506,0.359237617254257,0.497662303845088
D,GAC,-0.102659810390323,0.0185886329268947,-0.139055756106973,-0.0664484928672512
E,GAA,-0.258298645843565,0.0206674642286238,-0.299464564522107,-0.218444363027811
F,TTC,-0.253556012623012,0.0129431919696776,-0.279176054398219,-0.227697338660558
G,GGA,0.490291747679986,0.061523629157475,0.370911061763763,0.6107217669487
G,GGC,0.785082014757395,0.0387712748500459,0.709219063818455,0.863104109962781
H,CAC,-0.191664042004943,0.0224899994630311,-0.235542126620809,-0.148286854227384
I,ATC,-0.104205195553601,0.00821195631188351,-0.120466482577225,-0.0879684855540594
K,AAA,0.238622462260723,0.0141861542665545,0.211100606496135,0.267020723720392
L,CTA,-0.235258353989001,0.0271726083991946,-0.28881710767746,-0.181994646787643
L,CTC,0.432955694316614,0.0462754988901401,0.342400252819061,0.524095118045807
L,TTA,0.208895183195174,0.0114914051366778,0.186445109049479,0.231380052864552
N,AAC,-0.351069692522287,0.0238219192653905,-0.397928010672331,-0.304938635975122
P,CCA,-0.763884966041449,0.0939553944980949,-0.955097615718842,-0.585304707288742
P,CCC,0.166760520004993,0.0675822781726417,0.0368483130199214,0.302922413001458
Q,CAA,-0.382347127339244,0.0307052850918007,-0.444604913890362,-0.322577742735545
R,AGA,-0.517513626924968,0.0318554839162239,-0.580900967121124,-0.455526985228062
R,CGA,-0.21442219279144,0.185506970892244,-0.582300901412964,0.134355545043945
R,CGC,0.854723379462957,0.0781060358402284,0.705850635965665,1.00934471686681
S,TCA,-0.0961613224340837,0.0432091630395349,-0.182739406824112,-0.0132362246513367
S,TCC,-0.0199352073011996,0.0146315693979318,-0.0487427587620914,0.0088560894674932
T,ACA,-0.161211010825931,0.033743667008401,-0.227808773517609,-0.0974505245685577
T,ACC,-0.0797989490717649,0.0118523922709914,-0.102968049421906,-0.0562802146499356
V,GTA,0.198248527780937,0.0210158719129281,0.157864034175873,0.240561366081238
V,GTC,-0.0489491977436468,0.00723067487109807,-0.0630536740645766,-0.0349460968747735
Y,TAC,-0.298159560424089,0.0160768542746722,-0.329974882304668,-0.266439707080523
Z,AGC,0.179518425254431,0.0471025280090508,0.0881466664373875,0.274304276704788
