AA,Codon,Posterior,Std.Dev,X0.025.,X0.975.
A,GCA,-0.152308597712264,0.0230876945888725,-0.197558909654617,-0.106901198625565
A,GCC,0.0543298619080335,0.00513219743162087,0.0443961859370271,0.0645688068121671
C,TGC,0.382119246077538,0.0286329150149426,0.326396810760101,0.438768612841765
D,GAC,-0.119238830725849,0.00566561712736775,-0.130470855037371,-0.108225855603814
E,GAA,-0.262116592729092,0.00991461650280266,-0.28182179654638,-0.242957646772265
F,TTC,-0.27057891934067,0.00974056568759777,-0.28957355072101,-0.251471288998922
G,GGA,0.120422171778756,0.0287687098328148,0.0637860894203186,0.17670601606369
G,GGC,0.44370731934011,0.0134624383483052,0.417886845270793,0.470230217526356
H,CAC,-0.200716742812097,0.0109520266401926,-0.222605039179325,-0.179425144319733
I,ATC,-0.0932652310043573,0.00626891841671437,-0.105598307090501,-0.0808179112151265
K,AAA,0.291534913465381,0.00654897986516026,0.278920503209035,0.304218381394943
L,CTA,-0.242822338927807,0.0192280864511756,-0.280582934617996,-0.205316454172134
L,CTC,0.387381987990218,0.036943410529555,0.316095590591431,0.458926796913147
L,TTA,0.226910808551311,0.00701474918317452,0.213287471234798,0.240709597244859
N,AAC,-0.321650448265672,0.00941672271071195,-0.340128060430288,-0.303274350365003
P,CCA,-0.846502441882718,0.0326185363205574,-0.911651208996773,-0.783855527639389
P,CCC,0.272341410218179,0.0219335970802839,0.230057796711723,0.316212880859772
Q,CAA,-0.440020076626539,0.0172875710281758,-0.474246134112279,-0.405777931710084
R,AGA,-0.555654133655598,0.019289440239906,-0.594934467226267,-0.518546815961599
R,CGA,0.0264692501287057,0.110006306984578,-0.184494256973267,0.24341893196106
R,CGC,0.586950181218982,0.0381915917970271,0.514614040652911,0.664065289994081
S,TCA,-0.122083638125259,0.0243635817376914,-0.169847130775452,-0.0749578773975372
S,TCC,-0.0227996051798284,0.00610996957187271,-0.034814621694386,-0.0107724492050087
T,ACA,-0.200226426419586,0.0246489983250667,-0.24920666217804,-0.152075886726379
T,ACC,-0.0566513971656561,0.00603437716342209,-0.0684798741713166,-0.0447055828757584
V,GTA,0.236146769813509,0.0227400059748469,0.192093908786774,0.281583160161972
V,GTC,-0.0468141622684896,0.00579304672150018,-0.0580303335562348,-0.0355179061492284
Y,TAC,-0.321987421259284,0.0117631657389247,-0.345124638080597,-0.299211906393369
Z,AGC,0.0671719509071088,0.0216193677943597,0.0253055208052198,0.109380249182383
