AA,Codon,Posterior,Std.Dev,X0.025.,X0.975.
A,GCA,-0.159026461596513,0.0299112783670046,-0.218383699655533,-0.102697193622589
A,GCC,0.0375358146094717,0.00803082199844981,0.0218763607864579,0.053307411291947
C,TGC,0.201808988801017,0.0359737825931811,0.133193082734942,0.274155594656865
D,GAC,-0.139867782925814,0.0118630975522675,-0.162960889687141,-0.116848741409679
E,GAA,-0.185126988169551,0.0146329161503947,-0.21398755684495,-0.157087467238307
F,TTC,-0.226268505133688,0.0145616405269414,-0.255145027985175,-0.198009293029706
G,GGA,0.0673273327845047,0.0374661520810732,-0.00691425800323486,0.13984739780426
G,GGC,0.315447345255315,0.0183987957763931,0.280100388079882,0.352252392719189
H,CAC,-0.188262287354469,0.0173627205622649,-0.222189026822646,-0.154499572142959
I,ATC,-0.0978054906036705,0.0101788287911701,-0.117714419836799,-0.0781261939555407
K,AAA,0.227527429066598,0.00909584378388712,0.209772672504187,0.245646182944377
L,CTA,-0.205475697458333,0.0236837824493545,-0.252394840121269,-0.159499406814575
L,CTC,0.0531950170693308,0.0292366332226247,-0.00351697206497192,0.111587107181549
L,TTA,0.140252149543911,0.0102582940862016,0.120413828268647,0.160429857422908
N,AAC,-0.2706262977615,0.0134945485015827,-0.297235375891129,-0.244602070376277
P,CCA,-0.586802722163384,0.0356874432168989,-0.658337861299515,-0.518276929855347
P,CCC,0.182706406609714,0.027512083307448,0.129927554850777,0.238160928462942
Q,CAA,-0.2985347449705,0.0194871897149833,-0.337405693779389,-0.260699943204721
R,AGA,-0.457190331431389,0.0266688914316774,-0.509175296872854,-0.404248714447021
R,CGA,0.157716676302283,0.103793981184666,-0.0483390092849731,0.361127972602844
R,CGC,0.344131328704953,0.0372556482512202,0.273447137077649,0.418712253620227
S,TCA,-0.064578099172004,0.0233161571052612,-0.111294463276863,-0.019670158624649
S,TCC,-0.0248517457189677,0.00893376541042157,-0.0419486103579402,-0.00712902320083231
T,ACA,-0.133814648909755,0.0282621577005549,-0.190148025751114,-0.0796625316143036
T,ACC,-0.0445762783747166,0.00925283182647645,-0.0627727610369523,-0.0263721929086993
V,GTA,0.18581187684093,0.0263161507742186,0.135282278060913,0.237147659063339
V,GTC,-0.0717594041708857,0.00820575781792951,-0.0876622843245665,-0.0555920869112015
Y,TAC,-0.261630737419426,0.01804816749775,-0.297678259263436,-0.226677174617847
Z,AGC,-0.0709359141708381,0.0243853351509268,-0.118362636615833,-0.022432001400739
