AA,Codon,Posterior,Std.Dev,X0.025.,X0.975.
A,GCA,-0.226191365770096,0.0762763298169034,-0.3818139731884,-0.0825909674167633
A,GCC,0.0623562728038989,0.0141783463037616,0.0352810930771132,0.0908683804174264
C,TGC,0.322624640139192,0.0775083447358035,0.182083465034763,0.483789586027463
D,GAC,-0.113498342837393,0.0170514158186814,-0.147182448208332,-0.0802455022931099
E,GAA,-0.220077908891439,0.0276157219514979,-0.27528238222003,-0.16690829358995
F,TTC,-0.259282571290433,0.0236570454388226,-0.307138162851334,-0.214597911015153
G,GGA,0.177095360936981,0.0807016151994805,0.0202083587646484,0.334455609321594
G,GGC,0.40643301397562,0.038786604299679,0.333858862270912,0.48633487050732
H,CAC,-0.176792636720836,0.0254980251604331,-0.227964884539445,-0.127824744706353
I,ATC,-0.0686515705742873,0.014892080448869,-0.0978679531564315,-0.0394093324119846
K,AAA,0.213697837938368,0.0134356262769087,0.187405753632387,0.240293412407239
L,CTA,-0.294781258848444,0.0566434038428547,-0.410896643996239,-0.189529255032539
L,CTC,0.273702957149554,0.0885753275813301,0.112853556871414,0.460769087076187
L,TTA,0.142518510991335,0.014668275459966,0.114124883276721,0.171812444925308
N,AAC,-0.251981804791093,0.0218130982325611,-0.296022374927998,-0.210701809823513
P,CCA,-0.737142435156659,0.0984504245179166,-0.93904447555542,-0.556710973381996
P,CCC,0.222475055333041,0.0620384152041261,0.106072300175826,0.350141828507185
Q,CAA,-0.380464697535336,0.0429523657528489,-0.468756648401419,-0.300465350101392
R,AGA,-0.611100046020097,0.0691831599088169,-0.753438513725996,-0.482126910239458
R,CGA,0.377748329798444,0.344966337545754,-0.296473264694214,1.05761015415192
R,CGC,0.566651522037387,0.102515537023568,0.385572049766779,0.786458681027094
S,TCA,-0.10254803521164,0.0592410516181917,-0.222527503967285,0.00812283158302307
S,TCC,-0.0198810934347812,0.0135118366495083,-0.0460644794938465,0.00696051556539411
T,ACA,-0.176723482548958,0.0704558379090812,-0.320099800825119,-0.0427621901035309
T,ACC,-0.0735685151610524,0.0150237096892407,-0.103230671522518,-0.0440869596476356
V,GTA,0.225744729047536,0.0557941303278271,0.11934033036232,0.337838113307953
V,GTC,-0.0547884154077619,0.0113516609586905,-0.0774594788129131,-0.0323326354535918
Y,TAC,-0.284265870904923,0.0302808787073325,-0.346116141229868,-0.226747230067849
Z,AGC,0.000395175290210773,0.0566286251665959,-0.108775041624904,0.11227335271736
