AA,Codon,Posterior,Std.Dev,X0.025.,X0.975.
A,GCA,-0.137690531416018,0.0314506762892182,-0.200104504823685,-0.0771131217479706
A,GCC,0.049801366517134,0.00660483785326426,0.0369531659719845,0.0630141308531165
C,TGC,0.345460474720597,0.0300518098424653,0.288049354155858,0.405333075920741
D,GAC,-0.114590447423607,0.0065212305921446,-0.127378568674127,-0.101685224597653
E,GAA,-0.269427111651003,0.0135080364688373,-0.296447407950958,-0.243034733707706
F,TTC,-0.272810935653746,0.0105699327231358,-0.293403675158819,-0.25216207926472
G,GGA,0.150437029132055,0.0301212815985809,0.090978741645813,0.209964454174042
G,GGC,0.448664204192162,0.014096765387248,0.421636698643367,0.477733590453863
H,CAC,-0.212839923897386,0.0124780191423257,-0.237455547228456,-0.188648789872726
I,ATC,-0.101736383741349,0.00626691479494389,-0.113993571015696,-0.0894281091789405
K,AAA,0.298792375150323,0.0081720602224861,0.28302889491121,0.31494314695398
L,CTA,-0.237163409422355,0.0245679717190197,-0.285350799560547,-0.189413607120514
L,CTC,0.494166875172229,0.0495665860541389,0.4008429646492,0.593773454427719
L,TTA,0.233284944681823,0.00880442060036555,0.216329684232672,0.251113552848498
N,AAC,-0.336467674848437,0.0107529667412504,-0.357745679716269,-0.315614937494198
P,CCA,-0.857082904516047,0.0350274481991165,-0.926857322454453,-0.788826778531075
P,CCC,0.249051552625,0.0233480585025835,0.203481157124043,0.295271917184194
Q,CAA,-0.491441298577189,0.0250196865761704,-0.541730877260367,-0.443880039205154
R,AGA,-0.569762559088744,0.0242446503749148,-0.618480481207371,-0.523207146674395
R,CGA,-0.0774805226357934,0.163549210490343,-0.400041222572327,0.238548278808594
R,CGC,0.645067805150151,0.0522146612644899,0.546238352358341,0.749985574185848
S,TCA,-0.10660109469538,0.0280734238635967,-0.162414312362671,-0.0526287257671356
S,TCC,-0.0199651255524848,0.00668661425527004,-0.0329695239663124,-0.00668456787243486
T,ACA,-0.201246213274066,0.0283230475627942,-0.256868004798889,-0.146082371473312
T,ACC,-0.042684883864224,0.00636654991053146,-0.0552190242956082,-0.0301788786891848
V,GTA,0.253160386398523,0.0233711744435428,0.207287609577179,0.298776805400848
V,GTC,-0.0481170188050717,0.00532063556589558,-0.0586288652382791,-0.0376595390029252
Y,TAC,-0.33513771174252,0.0139721184890198,-0.36258840089043,-0.308100065340598
Z,AGC,0.0447400556707804,0.0253613113249345,-0.00458643147721887,0.0947806057830651
