AA,Codon,Posterior,Std.Dev,X0.025.,X0.975.
A,GCA,-0.148829512071712,0.0149692568859791,-0.17829817533493,-0.119710087776184
A,GCC,0.0547251941352338,0.00514939573517661,0.0447305380987624,0.0649127764627337
C,TGC,0.434011323713859,0.0220056228252106,0.391216461360455,0.47755771552523
D,GAC,-0.098186487796704,0.00715674207175992,-0.112149026617408,-0.0842534792919954
E,GAA,-0.243693029411236,0.00734254386199346,-0.258103811740875,-0.22937652990222
F,TTC,-0.277032096495231,0.00794795180209494,-0.292573529978593,-0.261512375126282
G,GGA,0.347520999465885,0.0283315365566025,0.291914701461792,0.403156638145447
G,GGC,0.638943496640523,0.0187303759003714,0.602565572162469,0.675921876728535
H,CAC,-0.171954343230824,0.0122052896760162,-0.195877891282241,-0.148106410478552
I,ATC,-0.0728473614959419,0.00599319729634984,-0.0846635293215513,-0.0610998380618791
K,AAA,0.273643819552859,0.00602174918572519,0.261891216039658,0.285519687583049
L,CTA,-0.181629038032212,0.0122804055157836,-0.205674201250076,-0.157477766275406
L,CTC,0.35871955400114,0.0211602172198932,0.317444264888763,0.400417983531952
L,TTA,0.233061178741852,0.00595261638017157,0.221365971614917,0.244698057944576
N,AAC,-0.316069410036405,0.00993480744778307,-0.335545457402865,-0.296635489662488
P,CCA,-0.741777603427508,0.0316674029207886,-0.804879292845726,-0.680281832814217
P,CCC,0.255044842238029,0.0243819871084291,0.207646970947584,0.303475556274255
Q,CAA,-0.380924808348815,0.0114640776721269,-0.403502571086089,-0.358591778328021
R,AGA,-0.516723040949685,0.013711338987381,-0.543778169550933,-0.48991080140695
R,CGA,0.0893743116377742,0.0644724580248614,-0.0359855890274048,0.216012120246887
R,CGC,0.657382120068868,0.0280715094080875,0.603000916043917,0.713047807415326
S,TCA,-0.050892707873223,0.0186350790308786,-0.0875189900398254,-0.0146088898181915
S,TCC,-0.0271942998456775,0.00776944519443911,-0.0423828922212124,-0.0119212976191193
T,ACA,-0.206416018342077,0.0197106521172001,-0.245151489973068,-0.167853623628616
T,ACC,-0.048351585628738,0.00781625932764076,-0.0636610789845387,-0.0330683207139373
V,GTA,0.287752231682662,0.0157191647306824,0.256876587867737,0.318460196256638
V,GTC,-0.0524726455496003,0.00643968130673726,-0.0650552077839772,-0.0398127430429061
Y,TAC,-0.289500431101322,0.00924520695102539,-0.307632383704185,-0.271436264117559
Z,AGC,0.156363222379585,0.0191633951527515,0.119151899529,0.194306276986996
