AA,Codon,Posterior,Std.Dev,X0.025.,X0.975.
A,GCA,-0.0615846715847405,0.0388327137547743,-0.138344049453735,0.0144146680831909
A,GCC,0.0541974417896804,0.0210917786756709,0.0131634475818525,0.0963199343532324
C,TGC,0.397882604435086,0.0482399674815765,0.302962546050549,0.492917202909787
D,GAC,-0.100543101832643,0.0195215981204181,-0.138621483991543,-0.0621682158050438
E,GAA,-0.160482666967809,0.0218911148489832,-0.203967579330007,-0.117690932750702
F,TTC,-0.239026321175694,0.021697810929192,-0.281802139431238,-0.196015330776572
G,GGA,0.326710173430151,0.0455723891596854,0.235478639602661,0.414268463850021
G,GGC,0.40022592844069,0.029106688489329,0.344113687425852,0.457758396118879
H,CAC,-0.144295174599532,0.0330682121630254,-0.20936789860328,-0.0786337045952678
I,ATC,-0.076516680238815,0.0195623328053161,-0.114735804311931,-0.0374294451437891
K,AAA,0.275543019546568,0.0180053217770408,0.240335813661416,0.310756879548232
L,CTA,-0.061062106863223,0.0315876013709244,-0.123272582888603,0.000915586948394775
L,CTC,0.336635160483118,0.0465153855488824,0.244986653327942,0.427400499582291
L,TTA,0.233925206035376,0.0198758446091498,0.195562620212634,0.27285053357482
N,AAC,-0.259202747695148,0.0209205841374958,-0.300710351516803,-0.217630831028024
P,CCA,-0.527619698350012,0.0447409484820037,-0.616822466254234,-0.440102338790894
P,CCC,0.186199904563092,0.0381787755896604,0.111852796624104,0.262372877448797
Q,CAA,-0.233150386501104,0.0284292589188412,-0.289093966782093,-0.177722031250596
R,AGA,-0.403026881431307,0.0355906705031404,-0.473706249147654,-0.334011496976018
R,CGA,0.253511969405,0.111465573194953,0.0310193300247192,0.470136761665344
R,CGC,0.520336328187585,0.0681623395944669,0.389675306777159,0.656804518401623
S,TCA,0.0229492619054077,0.0348933228404811,-0.04477858543396,0.0913899838924408
S,TCC,-0.0718519980699184,0.0220998829275689,-0.115204376354814,-0.0286330737018337
T,ACA,-0.144975763900842,0.0368606818540987,-0.216530203819275,-0.0726139843463898
T,ACC,-0.0181127455262097,0.0223395019418123,-0.0612224221539994,0.0259315824291358
V,GTA,0.285317775269185,0.0351750011933417,0.21658331155777,0.353678494691849
V,GTC,-0.0628752062565414,0.0229092075195267,-0.108293131366372,-0.0173238998123755
Y,TAC,-0.263584077143669,0.0255506490799069,-0.313799979786078,-0.214946657667557
Z,AGC,0.0310876903233104,0.0360367556534844,-0.0396647030177216,0.101924374699592
