AA,Codon,Posterior,Std.Dev,X0.025.,X0.975.
A,GCA,-0.0633163660420184,0.040833752526638,-0.143825531005859,0.016175240278244
A,GCC,0.0835712012129395,0.0249529227728015,0.0350173326519628,0.133015780275067
C,TGC,0.330917281328042,0.0473132839827798,0.239100498209397,0.424965280791124
D,GAC,-0.0698974493870392,0.0218037696120915,-0.112442916880051,-0.0271778549378117
E,GAA,-0.0957902424972939,0.0227403908489528,-0.14059822683533,-0.0514888421011468
F,TTC,-0.226831029248635,0.0228411177905899,-0.271787890046835,-0.181952919314305
G,GGA,0.35481534911533,0.0442442619285611,0.267352730035782,0.441838473081589
G,GGC,0.297250258514682,0.0296162512430948,0.24001747580866,0.35596496462822
H,CAC,-0.165651472258841,0.0346517586033139,-0.233612009634574,-0.0974252213413516
I,ATC,-0.0952735197013182,0.0228487111442775,-0.139860432967544,-0.0506711013615131
K,AAA,0.279867179983854,0.0201671861369446,0.2401345786949,0.319217759370804
L,CTA,-0.00313048836399756,0.0324374532293611,-0.0667380839586258,0.0608768314123154
L,CTC,0.326721721103083,0.0459047619208848,0.237314522266388,0.417105972766876
L,TTA,0.26989397070388,0.0219404513073969,0.227235910917322,0.312976143260797
N,AAC,-0.245626130549312,0.0217648203229019,-0.288395454237858,-0.202785166352987
P,CCA,-0.420787354384233,0.0422532375227532,-0.504592686891556,-0.338462695479393
P,CCC,0.291601685546239,0.041917834945187,0.210225863878926,0.374281475444635
Q,CAA,-0.139634574280009,0.0284537837963444,-0.19571984646221,-0.0841672822833061
R,AGA,-0.290018368237863,0.0363885147061667,-0.361637221532874,-0.219167919829488
R,CGA,0.0799002677511767,0.0997836335361095,-0.117247462272644,0.274965107440948
R,CGC,0.47877651094238,0.0728591792304926,0.338155434032281,0.623204885919889
S,TCA,0.0272544040326091,0.0338022190265112,-0.0394094586372375,0.0927229225635529
S,TCC,-0.0711018786160646,0.0229300226554698,-0.115872911425928,-0.0262040970691789
T,ACA,-0.1209465585305,0.0361313772689984,-0.191788017749786,-0.0505448281764984
T,ACC,-0.0738103259167296,0.0247805212377507,-0.122053862611453,-0.0246753918938338
V,GTA,0.35195042204519,0.0350848563443063,0.282890573143959,0.420501559972763
V,GTC,-0.0700221082295372,0.0258041856721057,-0.12038697792838,-0.0189483734002957
Y,TAC,-0.350446254149278,0.0265071015778089,-0.402304905653,-0.298310152441263
Z,AGC,-0.0378961273753334,0.0337667450269435,-0.103815171122551,0.0282607191863159
