AA,Codon,Posterior,Std.Dev,X0.025.,X0.975.
A,GCA,-0.107051105210095,0.0351539202804536,-0.176979690790176,-0.0375427007675171
A,GCC,0.0403504340913496,0.0111439367284271,0.0189692310678462,0.0625681979581714
C,TGC,0.168115365707967,0.042945259830037,0.0865128994608919,0.252538017680248
D,GAC,-0.129820839126408,0.0147139355757029,-0.159103479236364,-0.101727384328842
E,GAA,-0.168778233738244,0.017419200720784,-0.202919973433018,-0.135337875286738
F,TTC,-0.241316379578412,0.0181452128767122,-0.2776065779229,-0.206510601565242
G,GGA,0.0977299488397756,0.0429396081615274,0.0120750069618225,0.179623007774353
G,GGC,0.313553940297663,0.0228104364952232,0.270044610649347,0.358886328339577
H,CAC,-0.199482723098248,0.0224644739150438,-0.244271250193318,-0.15594131971399
I,ATC,-0.103334230331704,0.0134898511349369,-0.129975027963519,-0.0770747682700555
K,AAA,0.245969761882722,0.0117023981498751,0.223195513213674,0.269497767587503
L,CTA,-0.130810388924032,0.0268829828294314,-0.183674976229668,-0.0787096172571182
L,CTC,0.0499822281739817,0.0357231792235479,-0.0199328660964966,0.121225923299789
L,TTA,0.147088823447376,0.0134455928450774,0.1213611803328,0.173979903260867
N,AAC,-0.278018228580058,0.0170023416525086,-0.31130668943127,-0.245399731149276
P,CCA,-0.629834137954553,0.0437264154913536,-0.718720093369484,-0.546092480421066
P,CCC,0.207733187239617,0.0336662609340074,0.143364582831661,0.274749360978603
Q,CAA,-0.254830341675878,0.0218353805170973,-0.297336015105247,-0.21295077825586
R,AGA,-0.4291918115004,0.029955181104172,-0.488208342343569,-0.371235258877277
R,CGA,0.0833788175139948,0.12033398301807,-0.151226282119751,0.315176010131836
R,CGC,0.338656407545507,0.0446619091100838,0.253953679651022,0.429454972098271
S,TCA,-0.0314734995263825,0.0284413198713157,-0.0880025327205658,0.023670107126236
S,TCC,-0.0284658730572004,0.0116642639249463,-0.0511290660748879,-0.00563292253840095
T,ACA,-0.0834713359720504,0.0335629229351589,-0.152046680450439,-0.0194714069366455
T,ACC,-0.0442880881652127,0.0125594893922777,-0.0682215436672171,-0.0197959014059355
V,GTA,0.182393128997552,0.030136657464509,0.123600989580154,0.242719382047653
V,GTC,-0.0739647116433829,0.0115472007209202,-0.0967440613855918,-0.0511580610958238
Y,TAC,-0.273330278478563,0.0232766198482662,-0.319770232836405,-0.228605211153626
Z,AGC,-0.0635442692212264,0.0298551480236246,-0.122308754424254,-0.00544755848047015
