AA,Codon,Posterior,Std.Dev,X0.025.,X0.975.
A,GCA,-0.158071219941972,0.0301855980593882,-0.216847479343414,-0.0991491079330444
A,GCC,0.0375508872984909,0.00796321696214663,0.0219759063795209,0.0532596905405323
C,TGC,0.201915613872558,0.0361833169576267,0.133854783823093,0.27524531558156
D,GAC,-0.139883030962944,0.0117874377626624,-0.163166300704082,-0.116753718381127
E,GAA,-0.18493485686183,0.0145255210308373,-0.213500870143374,-0.156364066153765
F,TTC,-0.22620535890609,0.0142554152858905,-0.254156675686439,-0.198400934413075
G,GGA,0.0670009126705881,0.0374029056566189,-0.00619238615036011,0.140230864286423
G,GGC,0.315317637133598,0.0185631089249481,0.279758915056785,0.352945744991302
H,CAC,-0.188422547379881,0.01741863156462,-0.223159219200412,-0.155382069945335
I,ATC,-0.0976050297960639,0.010203475934875,-0.117539916622142,-0.0781635028620561
K,AAA,0.227673831132054,0.00898309645382263,0.210110339149833,0.245403645684322
L,CTA,-0.205035691442591,0.0232817305306518,-0.251043155789375,-0.159938082098961
L,CTC,0.0537388853333185,0.0287485207700588,-0.00276237726211548,0.110182285308838
L,TTA,0.140094175735116,0.0104272517583176,0.119913809994857,0.160743326445421
N,AAC,-0.270572886680067,0.0134445538658862,-0.297037276873986,-0.244488596171141
P,CCA,-0.587496014071839,0.0358071653609884,-0.658406376838684,-0.517900437116623
P,CCC,0.181094771743566,0.0279308893613096,0.127424359569947,0.237405870358149
Q,CAA,-0.298218389846385,0.0195282496912338,-0.336866297572851,-0.260457672178745
R,AGA,-0.4567564348625,0.0267218915094574,-0.51057849265635,-0.405021641403437
R,CGA,0.162828266114047,0.103366013220027,-0.0414704084396362,0.362463355064392
R,CGC,0.344414695055783,0.0371433034800531,0.2744191745917,0.419706828147173
S,TCA,-0.0644548860740905,0.02309149217741,-0.109761789441109,-0.0192451775074005
S,TCC,-0.0249981870567193,0.00899716982041881,-0.0425777362970014,-0.00720450235530734
T,ACA,-0.133875160676314,0.0282375234321944,-0.190061897039413,-0.0789325535297394
T,ACC,-0.0446087516716681,0.00929058803030474,-0.0628373535349965,-0.0261745146010071
V,GTA,0.185362208552294,0.0268805656669392,0.132691740989685,0.237461745738983
V,GTC,-0.0717019593704492,0.00835232372825504,-0.0880349664017558,-0.0550058803521097
Y,TAC,-0.261213449062407,0.0179522025065404,-0.296250645816326,-0.225817236304283
Z,AGC,-0.0704485711428657,0.0248876278424008,-0.118596286761264,-0.0217883181758226
