AA,Codon,Posterior,Std.Dev,X0.025.,X0.975.
A,GCA,-0.17458695200381,0.0329714021558161,-0.239015638828278,-0.109789252281189
A,GCC,0.0682021235749126,0.0100256942438747,0.048510945495218,0.0880942801634471
C,TGC,0.368235600319505,0.0278534637132993,0.314630045493444,0.422666114320358
D,GAC,-0.113009639979899,0.0134353978690524,-0.139081506306926,-0.08671972664694
E,GAA,-0.235581854997575,0.0157221046561607,-0.266623273243507,-0.205583097785711
F,TTC,-0.262208867703378,0.0102620337881055,-0.282039194057385,-0.242001198107998
G,GGA,0.0590043732934255,0.0436976379755475,-0.0285012125968933,0.143151164054871
G,GGC,0.448517486017942,0.0233892946264434,0.403705579787493,0.495322710772355
H,CAC,-0.173583882282674,0.0170501079657965,-0.206952804575364,-0.140537283072869
I,ATC,-0.0955938246920705,0.00623219104582006,-0.107612119615078,-0.083414411606888
K,AAA,0.250407473532856,0.0110139605304651,0.229019271706541,0.272331403195858
L,CTA,-0.230083915818907,0.0215858906707602,-0.272782444953918,-0.187522739171982
L,CTC,0.261037733233365,0.0348177287009348,0.193022400140762,0.329616457223892
L,TTA,0.204804204574227,0.00915810494682005,0.18678354298075,0.222728082040946
N,AAC,-0.262892576485872,0.0168357016895478,-0.295765314251184,-0.230070887381832
P,CCA,-0.779397515502766,0.0782415036197979,-0.940293714404106,-0.634998947381973
P,CCC,0.304877874546498,0.0606197992392288,0.188212075208624,0.425891934583584
Q,CAA,-0.391178690648079,0.0242264217534489,-0.439215615391731,-0.344412485261758
R,AGA,-0.545492871431344,0.0269453213139852,-0.59957586787641,-0.493079610168934
R,CGA,0.112081863333995,0.127949695534526,-0.144200444221497,0.3575040102005
R,CGC,0.542429912790656,0.0482471006405749,0.450250558555126,0.639953785141309
S,TCA,-0.124480403920267,0.031595012906808,-0.186742216348648,-0.0629378259181976
S,TCC,-0.0167535528892669,0.0104688528976154,-0.0368502328172326,0.0039728387336557
T,ACA,-0.197172722954379,0.0252523791339502,-0.246767818927765,-0.147492289543152
T,ACC,-0.0642535510102287,0.00851747020871807,-0.0806979325910409,-0.047405789916714
V,GTA,0.195204979898858,0.0165884574137766,0.162867188453674,0.228045135736465
V,GTC,-0.0582375723674893,0.00529135841221162,-0.0683873613675435,-0.0477428170231481
Y,TAC,-0.291789776137471,0.0124118162606313,-0.31635051916043,-0.267641737808784
Z,AGC,0.0558862897241264,0.0324129511894032,-0.00657861585495993,0.120431512966752
