AA,Codon,Posterior,Std.Dev,X0.025.,X0.975.
A,GCA,-0.208206976199672,0.017163427353039,-0.242594420909882,-0.17473828792572
A,GCC,0.0753159596525133,0.00559741541628806,0.0644794436792533,0.0862465411424637
C,TGC,0.401945390182734,0.0195512047277048,0.363596478601297,0.440013669182857
D,GAC,-0.122685877856612,0.00446071944107298,-0.131522198518117,-0.114073059521616
E,GAA,-0.262673264637589,0.0078068905908658,-0.277811511357625,-0.247439772387346
F,TTC,-0.309930057153106,0.00863097277987894,-0.326762461165587,-0.29279733573397
G,GGA,0.0592907240612246,0.0140014841858949,0.0316369533538818,0.0868388414382935
G,GGC,0.399667877164483,0.00700006418777606,0.386178382237752,0.413534474372864
H,CAC,-0.197226887415349,0.00875333434877159,-0.214519657567143,-0.180210770914952
I,ATC,-0.100087941362709,0.00668643931932775,-0.112868497831126,-0.0870158528288205
K,AAA,0.287971166008711,0.00537294605884519,0.277375915894906,0.298603954414527
L,CTA,-0.269950975942118,0.0161523492024228,-0.301330953836441,-0.238255828619003
L,CTC,0.273045611863088,0.0250540193175624,0.224182605743408,0.32272607088089
L,TTA,0.230714790709317,0.00707601134787306,0.216951932013035,0.24468302813669
N,AAC,-0.310515705555677,0.00567359168956822,-0.32157268250982,-0.299462731679281
P,CCA,-0.861165311818134,0.0148462462644979,-0.890121296048164,-0.832376673817635
P,CCC,0.306327676546574,0.0115471137773137,0.283787044634422,0.328830225517352
Q,CAA,-0.41218825904429,0.0117002696646536,-0.435190851489703,-0.388946286588907
R,AGA,-0.552825845513892,0.0136479907283464,-0.579885485582054,-0.526247384026647
R,CGA,0.140209796571479,0.0578126476727311,0.0248799324035645,0.251174092292786
R,CGC,0.533033967706561,0.0244820869480367,0.485620871931314,0.582825116316477
S,TCA,-0.133213782242543,0.012446370386498,-0.157973945140839,-0.109098941087723
S,TCC,0.00330986760856291,0.00477832971028455,-0.00609495956450701,0.012786798683616
T,ACA,-0.238117510825917,0.0136961692008225,-0.265418201684952,-0.211587309837341
T,ACC,-0.0476737189929932,0.00474344859283401,-0.0568169446351627,-0.0383202292645971
V,GTA,0.141208295943844,0.0156732881831523,0.110658645629883,0.171337962150574
V,GTC,-0.0455319977683947,0.00598704853418602,-0.0572686446520189,-0.0337614137679339
Y,TAC,-0.290203245282173,0.00928136927329573,-0.308521114041408,-0.272077731291453
Z,AGC,-0.00923828799288805,0.0107148004763073,-0.030354263773188,0.0117748204773913
