AA,Codon,Posterior,Std.Dev,X0.025.,X0.975.
A,GCA,-0.175854351646053,0.0137807277112353,-0.203781574964523,-0.14955136179924
A,GCC,0.0531113298188895,0.0042418398411248,0.0447485305989782,0.0614124741405249
C,TGC,0.365057045122981,0.0190955142402407,0.327607170244058,0.403275075554848
D,GAC,-0.108348677517474,0.00620281903677582,-0.120470744309326,-0.0962007016564409
E,GAA,-0.254432259561121,0.0065581506642914,-0.267231821020444,-0.241468914598227
F,TTC,-0.285397269442678,0.00711970937092864,-0.299280239144961,-0.271457073589166
G,GGA,0.116687506827673,0.0253498309166793,0.0665470957756042,0.166378796100616
G,GGC,0.436257002878189,0.0140321558792379,0.409569683174292,0.463529057055712
H,CAC,-0.180475298433006,0.0107114071096508,-0.201464826489488,-0.159890080615878
I,ATC,-0.0976581868976355,0.00529489146472151,-0.108013908006251,-0.0872748957326015
K,AAA,0.2639341785267,0.00522650281456279,0.253562013308207,0.274462678531806
L,CTA,-0.221901604971842,0.0113323159307823,-0.243985995650291,-0.199510455131531
L,CTC,0.272129970083903,0.0173844782441911,0.238486170768738,0.306604266166687
L,TTA,0.214073558491468,0.00527016883147273,0.203729162365198,0.224211234971881
N,AAC,-0.299246884813905,0.00885214780964579,-0.316829255471627,-0.281966998179754
P,CCA,-0.806216652247801,0.0309139901116251,-0.867766469717026,-0.746536090970039
P,CCC,0.30265993847698,0.0242089079246607,0.255120587100585,0.349989904959996
Q,CAA,-0.378340150105953,0.0103732595685159,-0.398946414142847,-0.35846449409922
R,AGA,-0.518033143316513,0.012692411870177,-0.54301935993135,-0.493460795842111
R,CGA,0.165628683029467,0.0544571226659238,0.059800386428833,0.27251124382019
R,CGC,0.541093917390704,0.023103542408333,0.496800090372562,0.586900485555331
S,TCA,-0.095512997399639,0.0169416414700045,-0.129260092973709,-0.0629028081893921
S,TCC,-0.00462904902586079,0.00667362910320412,-0.0177172800215582,0.00840938554611057
T,ACA,-0.219358856270235,0.0181456713168466,-0.254699200391769,-0.183974593877792
T,ACC,-0.0343439176074229,0.0067458015980212,-0.0476066699251533,-0.0210701248918971
V,GTA,0.219439902635541,0.0140531460493874,0.191853493452072,0.247286826372147
V,GTC,-0.0574549133423716,0.00540425168034106,-0.0679914955670635,-0.0470209706574679
Y,TAC,-0.281941527861357,0.00824083903933359,-0.298124900956949,-0.266015128046274
Z,AGC,0.0231228677523861,0.0156248475088211,-0.00717129435312624,0.0543135388133426
