AA,Codon,Posterior,Std.Dev,X0.025.,X0.975.
A,GCA,-0.236235662086622,0.0276003606322861,-0.290578126907349,-0.182628750801086
A,GCC,0.118261139876942,0.00949936924218902,0.0997847101961573,0.13692409992218
C,TGC,0.149136644079369,0.0620814633026578,0.0323143601417542,0.275338061898947
D,GAC,-0.113144252170821,0.00983661203860791,-0.132401162510117,-0.0938966685906053
E,GAA,-0.242984046614567,0.0107378222709529,-0.2641481757164,-0.222202065587044
F,TTC,-0.248352207060655,0.0199834646912461,-0.287690889587005,-0.209323395416141
G,GGA,-0.0774175514443852,0.0308330757539493,-0.137860774993896,-0.0172293186187744
G,GGC,0.270407507507006,0.0145615978117261,0.242288532108068,0.299302593370279
H,CAC,-0.243311795089444,0.0193640892867466,-0.281568331519763,-0.205774297689398
I,ATC,-0.125498496770163,0.0149819098323326,-0.154952062293887,-0.0960296972965201
K,AAA,0.342261759215991,0.00961697704865904,0.323606849710147,0.361235128591458
L,CTA,-0.242669675650942,0.0328389094250329,-0.307622909545898,-0.178018093109131
L,CTC,0.265486725397398,0.0436783805974315,0.180063515901566,0.352038830518723
L,TTA,0.237775307972431,0.0162017013063318,0.206387570872903,0.269793059428533
N,AAC,-0.29826424146533,0.0114419727155021,-0.320855485896269,-0.276139660924673
P,CCA,-0.883013378971664,0.0276961371019054,-0.937942832708359,-0.829524591565132
P,CCC,0.386623707917134,0.0233516223080439,0.340932675699393,0.432436060160399
Q,CAA,-0.313070648096005,0.0153546318090703,-0.343541133403778,-0.283214050283035
R,AGA,-0.49148166026089,0.0214424844135997,-0.533876921981573,-0.449637930840254
R,CGA,0.0413855149128255,0.0846891071919088,-0.125578165054321,0.205816626548767
R,CGC,0.402229767767986,0.0363448140097506,0.331839784483115,0.474495761841536
S,TCA,-0.1823554101812,0.0209953381131517,-0.223598808050156,-0.141609489917755
S,TCC,0.0491799715037892,0.00956857194199204,0.0306131807466348,0.0681087662776311
T,ACA,-0.305301684634043,0.02366307433035,-0.351998776197433,-0.258774548768997
T,ACC,-0.050929694937182,0.00873868809866988,-0.068023773531119,-0.0338601589823762
V,GTA,0.0238615885480045,0.0267955594614146,-0.0287791192531586,0.0759528875350952
V,GTC,-0.0323433121275139,0.0122949427819978,-0.0561977458807329,-0.00799441335257143
Y,TAC,-0.273115203917821,0.0218585337015915,-0.316074070582787,-0.230405128498872
Z,AGC,-0.0940362639200191,0.0165185569783092,-0.126579860722025,-0.0615707607318957
