AA,Codon,Posterior,Std.Dev,X0.025.,X0.975.
A,GCA,-0.15882609837199,0.0245936173695217,-0.207041174173355,-0.110095143318176
A,GCC,0.0516694450166076,0.00516872048599748,0.0415896264836192,0.0619377496341864
C,TGC,0.346468826752901,0.0257445357918046,0.297158402204514,0.397351386149724
D,GAC,-0.12217415849939,0.00652149934227362,-0.135179288561145,-0.109457037473718
E,GAA,-0.272152801850438,0.0107434732301531,-0.293473566323519,-0.251572136829297
F,TTC,-0.270865414193273,0.00927655827987914,-0.288986460616191,-0.253024716426929
G,GGA,0.255352668703324,0.035907750343349,0.184803128242493,0.324618995189667
G,GGC,0.513680012962222,0.0187306145049628,0.477873663852612,0.550878351926804
H,CAC,-0.201605648881197,0.0118820806604783,-0.224877267206709,-0.178516926243901
I,ATC,-0.0978931544482708,0.00534490684613761,-0.1082986354207,-0.0874018872777621
K,AAA,0.286329228377342,0.00694313082988704,0.272847352921963,0.299982557445765
L,CTA,-0.234669858778063,0.0186127916470032,-0.271748781204224,-0.198181986808777
L,CTC,0.429149589441071,0.0357838160443963,0.359492182731628,0.501078307628632
L,TTA,0.230302348344028,0.00660298085960127,0.217454096799095,0.243357893203696
N,AAC,-0.318052744415402,0.0109405718850816,-0.339496923238039,-0.296522002667189
P,CCA,-0.867764874407738,0.0377859835800824,-0.943650811910629,-0.794879138469696
P,CCC,0.247969738295674,0.0239589199183166,0.201018173371752,0.29561864733696
Q,CAA,-0.428078131073713,0.0178895794832531,-0.463586197296778,-0.393453333278497
R,AGA,-0.566308411738559,0.020060270017189,-0.60595790669322,-0.52755580842495
R,CGA,0.13282094928172,0.116718703483552,-0.100702404975891,0.362930178642273
R,CGC,0.649308576005697,0.0432918398797492,0.566211517651876,0.736340374251207
S,TCA,-0.120046074507106,0.0261224246464228,-0.170772135257721,-0.0684083104133606
S,TCC,-0.0342408582497388,0.006252993616986,-0.0464931729249656,-0.0217849697452039
T,ACA,-0.18834635563796,0.0249488109651998,-0.237881183624268,-0.139326155185699
T,ACC,-0.0567255288109183,0.00609086205393638,-0.0687437184154987,-0.0447810088594755
V,GTA,0.249400406545454,0.0193280829204353,0.211847245693207,0.287415057420731
V,GTC,-0.0471711255142465,0.00472734986088928,-0.0563288583109776,-0.0378363100811839
Y,TAC,-0.316139650514722,0.0112211026184998,-0.338278958201408,-0.294436892618736
Z,AGC,0.0858445482939249,0.025059212737551,0.037590847009172,0.135853607207537
