AA,Codon,Posterior,Std.Dev,X0.025.,X0.975.
A,GCA,-0.143874037213331,0.0168073002379297,-0.176490664482117,-0.110824078321457
A,GCC,0.0509151707477868,0.00566322313391715,0.0398444212041795,0.0620834122722348
C,TGC,0.444337342202663,0.0256799205308907,0.394937845319509,0.494736300905545
D,GAC,-0.0978045960478485,0.00796173182008841,-0.113207097103198,-0.0819154179344575
E,GAA,-0.238862271825969,0.00817712306832374,-0.255146456013123,-0.222883543993036
F,TTC,-0.273180003361404,0.00901150084973211,-0.29079145292441,-0.255538178483645
G,GGA,0.354491145250118,0.0316018548270645,0.291512548923492,0.415893137454987
G,GGC,0.631220538574457,0.0213415050406599,0.589753857254982,0.673220260441303
H,CAC,-0.170524542337656,0.0134041040985955,-0.196452164401611,-0.143755448733767
I,ATC,-0.0792946984395385,0.00661566004615697,-0.0922433874880274,-0.0665633261203766
K,AAA,0.271266415271163,0.00665147676549749,0.25824213946859,0.284355872621139
L,CTA,-0.176623783037908,0.013762527207056,-0.203886240720749,-0.149899303913116
L,CTC,0.353933282371593,0.023450665860389,0.308592915534973,0.400317430496216
L,TTA,0.228374971814454,0.00660338238630138,0.215204569324851,0.241240177924434
N,AAC,-0.306794677236676,0.0110343408262886,-0.32865173916022,-0.285524381697178
P,CCA,-0.750422886814991,0.0357178156733523,-0.82086493074894,-0.681937634944916
P,CCC,0.269338522899151,0.0271674772012191,0.216785596931974,0.322457545250654
Q,CAA,-0.373274085691571,0.0126616661619762,-0.397956273704767,-0.348745919764042
R,AGA,-0.530446287385825,0.0153710696803406,-0.560623691766523,-0.500312801450491
R,CGA,0.102635201138623,0.0703655421402158,-0.0376250743865967,0.240602374076843
R,CGC,0.650198845845461,0.0308565605480166,0.58987806836764,0.711845196286837
S,TCA,-0.0401000260782294,0.020670276867181,-0.080752819776535,-0.000142723321914673
S,TCC,-0.0325371068425709,0.0087474214811114,-0.0496302537930508,-0.0150687434632952
T,ACA,-0.208220588542285,0.0220074907468228,-0.251926511526108,-0.165489345788956
T,ACC,-0.0425395854848903,0.00879729575421315,-0.0601070841463904,-0.0252535160320501
V,GTA,0.287259270061124,0.0177708541917902,0.252747744321823,0.32205730676651
V,GTC,-0.0566741751853377,0.00730262969144477,-0.0704484400649865,-0.0420709232799709
Y,TAC,-0.29555459869802,0.0105352979809391,-0.316440978397926,-0.27529189735651
Z,AGC,0.149733204559982,0.0215767956077064,0.108205483108759,0.19256457152466
