AA,Codon,Posterior,0.025%,0.975%
A,GCA,-0.207407085023324,-0.226886066421866,-0.18778160897394
A,GCC,0.441056264762084,0.424740084509055,0.457149094094833
A,GCG,0.645643949063619,0.617603053649267,0.67316231628259
C,TGC,0.250758059414228,0.221605241547028,0.280426602313916
D,GAC,0.722535446039836,0.710303422311942,0.735086936752001
E,GAA,-0.661766759443283,-0.675919383764267,-0.647500515977542
F,TTC,0.605098242036502,0.589331708848476,0.620993457237879
G,GGA,0.0345033042475906,0.00736005424987525,0.0611409680296977
G,GGC,0.408418768811226,0.385742712020874,0.43075682943066
G,GGG,0.715699134679635,0.68566979020834,0.744996584951878
H,CAC,0.738051911389828,0.717679913838704,0.758335802952449
I,ATA,0.0243035552837243,0.00123677273222711,0.0469809986961385
I,ATC,0.666804604069392,0.653475310901801,0.680382463832696
K,AAA,-0.570756167932351,-0.58350582420826,-0.558246380090713
L,CTA,0.450956186308463,0.434145702670018,0.467838101089001
L,CTC,1.05955779714982,1.02960079709689,1.08891387283802
L,CTG,0.54906921715339,0.527845846613248,0.56997482975324
L,CTT,0.409833990313609,0.389506169656912,0.429836038996776
L,TTA,-0.19604280240039,-0.209847870469093,-0.182243573168914
N,AAC,0.614633156704903,0.60065802882115,0.628967430194219
P,CCA,-0.0635834469538182,-0.0812783178562919,-0.0459863293915987
P,CCC,0.497276530625423,0.472934303681056,0.52154009193182
P,CCG,0.582121769007047,0.553084872663021,0.611876583099365
Q,CAA,-0.511362000656128,-0.530621750156085,-0.491836042950551
R,AGA,-1.19631941401164,-1.21589059134324,-1.1769064972798
R,AGG,-0.771465912206968,-0.79828101893266,-0.744540467361609
R,CGA,-0.160405559321245,-0.209182121728857,-0.110709582455456
R,CGC,0.476347205630938,0.437267386416594,0.515179609755675
R,CGG,0.403493855772416,0.347386597345273,0.459034452835719
S,TCA,-0.0784245247793694,-0.0955430452401439,-0.0611343167411784
S,TCC,0.522261360371113,0.507810371617476,0.536650890608629
S,TCG,0.646222556265195,0.623291519780954,0.66905783166488
T,ACA,-0.176794952229659,-0.194357824573914,-0.159179765482744
T,ACC,0.540641014456749,0.52522270232439,0.556623152891795
T,ACG,0.501025745904446,0.476077371339003,0.52540093511343
V,GTA,0.132360506676137,0.109634038060904,0.154448680828015
V,GTC,0.71779516406854,0.701546720167001,0.733731791377068
V,GTG,0.387087847872575,0.36678750688831,0.407080302387476
Y,TAC,0.504952500702937,0.487657713641723,0.522981382409732
Z,AGC,0.368376344239712,0.348756225158771,0.388131353755792
