AA,Codon,Posterior,Std.Dev,X0.025.,X0.975.
A,GCA,-0.0959902612635665,0.0490024853687587,-0.193831443786621,0.00123384594917297
A,GCC,0.0821331399027375,0.0278547604452153,0.0281901352573186,0.13726070150733
C,TGC,0.3360552522365,0.0736310716213057,0.193474053839842,0.480446117868026
D,GAC,-0.0725875745887373,0.0335160224830361,-0.137737855811914,-0.00689579461856435
E,GAA,-0.138022851791233,0.0250814239777919,-0.187388805672526,-0.0894279457007846
F,TTC,-0.266830436736345,0.0310872821703649,-0.328487424304088,-0.206783729667465
G,GGA,0.490745155978305,0.090205177626003,0.313688278198242,0.668447881937027
G,GGC,0.57965953309238,0.0712716303834811,0.44457723548015,0.719188142816226
H,CAC,-0.139895760009617,0.0499521359241464,-0.238407205666105,-0.0407593205260734
I,ATC,-0.0619918645137881,0.0284857993752852,-0.118173050632079,-0.00525825137738142
K,AAA,0.272472735616565,0.0238265000797533,0.225091258933147,0.319306953003009
L,CTA,-0.0409435532534913,0.0399008985542644,-0.118425726890564,0.0378771722316742
L,CTC,0.309419784351845,0.0580720543713269,0.193609237670898,0.423762083053589
L,TTA,0.261527725847065,0.0255357191634745,0.211956372112036,0.31129674265782
N,AAC,-0.250220888958871,0.0355902616389837,-0.319672475258509,-0.181366196647286
P,CCA,-0.485194773687116,0.0941327088330347,-0.674090839922428,-0.302253015339375
P,CCC,0.272194007435627,0.0893894751577062,0.100807368258635,0.448237844804923
Q,CAA,-0.207916878437996,0.0338125369063661,-0.273824179917574,-0.141573162873586
R,AGA,-0.345685584839608,0.0442324986409164,-0.433819418773055,-0.258619945496321
R,CGA,0.100083365856129,0.142027584319386,-0.180601119995117,0.373132765293121
R,CGC,0.519418358848989,0.0873667438190524,0.352494131277005,0.691474163532257
S,TCA,0.15510920151277,0.0569991049338427,0.0431093275547028,0.267550617456436
S,TCC,-0.0645460377826176,0.0367633030841844,-0.137172590444485,0.00958932335488494
T,ACA,-0.183869735325781,0.0619723534686806,-0.307413786649704,-0.0642807185649872
T,ACC,0.000437056806251348,0.0389828390013812,-0.0750968559334675,0.0776513253028194
V,GTA,0.383511642586008,0.0534179384270594,0.279851585626602,0.487331211566925
V,GTC,-0.0595851697159436,0.0377980544976528,-0.133413626129429,0.015540270290027
Y,TAC,-0.266316584175825,0.0373662014376099,-0.341093594332536,-0.194004960979025
Z,AGC,0.175036514764624,0.0608934354626504,0.0535314666107297,0.294052424778541
