AA,Codon,Posterior,Std.Dev,X0.025.,X0.975.
A,GCA,-0.280937577686271,0.176755685656215,-0.637350082397461,0.0557420551776886
A,GCC,0.0361513668094809,0.0880575258437553,-0.133192757020394,0.212324469909072
C,TGC,0.249374387935063,0.145779912562789,-0.0298297582038989,0.541536390781403
D,GAC,0.137856727831399,0.133647421700852,-0.119050108951827,0.40398097038269
E,GAA,-0.147801497172742,0.0888283094938586,-0.324981443335613,0.0223618396868309
F,TTC,-0.123030207571139,0.0666132768814657,-0.252777886390686,0.00782660966118191
G,GGA,0.628178871513215,0.205333173668434,0.226264595985413,1.03048366308212
G,GGC,0.662181511870027,0.160035745942851,0.362300742914279,0.989611639579138
H,CAC,0.0227755879969631,0.151345583516293,-0.271471983194351,0.323814899971088
I,ATC,-0.129362655730492,0.0612500487690299,-0.249617065365116,-0.00983562592106556
K,AAA,0.2305104572665,0.0830505225209979,0.0685014571994543,0.394136079152425
L,CTA,-0.100282179346239,0.121780587869323,-0.340933792293072,0.13661789894104
L,CTC,0.47112962888973,0.162907773011423,0.16021791100502,0.795642048120499
L,TTA,0.273504377724558,0.0739655033958393,0.130158499876658,0.419472263256709
N,AAC,-0.242588822818067,0.116903837344335,-0.472711523622274,-0.0147083622869103
P,CCA,-0.331410278650499,0.333703724544565,-1.01929247379303,0.291430957615376
P,CCC,-0.0172466252591301,0.316271218032529,-0.625011615951856,0.618276351193588
Q,CAA,-0.312197243326593,0.115111523966198,-0.544388353824615,-0.0944484966496626
R,AGA,-0.32389078928019,0.133396178947034,-0.592366322875023,-0.0665961019694805
R,CGA,0.190158813242205,0.37098348690081,-0.549981474876404,0.910080075263977
R,CGC,0.885256618788757,0.310375083017797,0.312300270299117,1.52456580102444
S,TCA,0.158066983561253,0.132641152558858,-0.104817569255829,0.415188357234001
S,TCC,-0.0259086181693974,0.0961253425814326,-0.213099740073085,0.164470525334279
T,ACA,-0.0108673468272909,0.104394937919193,-0.218170970678329,0.190272659063339
T,ACC,-0.110602784669759,0.0695882184621517,-0.247075019528468,0.0264397559997941
V,GTA,0.406563802118457,0.0861976148506102,0.239061087369919,0.576897792518139
V,GTC,-0.0432270241447064,0.0580539795878019,-0.155408673236767,0.0707090862716238
Y,TAC,-0.464397468123833,0.0774327900205798,-0.618380603194237,-0.314528611054023
Z,AGC,-0.190911486979829,0.139752338865493,-0.465987949818373,0.0824045887837815
