AA,Codon,Posterior,Std.Dev,X0.025.,X0.975.
A,GCA,-0.241305922335719,0.0318683382695523,-0.304360002279282,-0.179466903209686
A,GCC,0.104381672294438,0.012102756831648,0.0809549381335576,0.128363573302825
C,TGC,0.213256246433381,0.0856446208425897,0.0556382379184167,0.39087132041653
D,GAC,-0.0978843450205028,0.0117235113360754,-0.120776802053054,-0.0748654935508966
E,GAA,-0.246296733079155,0.0128523470408663,-0.27143151362737,-0.221227490032713
F,TTC,-0.255469003041585,0.0251425630143417,-0.304694844285647,-0.20631372568508
G,GGA,-0.0471734145160001,0.0372055710158602,-0.120986640453339,0.0254564881324768
G,GGC,0.256195764772495,0.0176189323756343,0.222097716232141,0.291253086924553
H,CAC,-0.215978006157875,0.022492184611423,-0.260871877024571,-0.172406816110015
I,ATC,-0.126091626909326,0.0190465719922619,-0.163186246156692,-0.0887941202769676
K,AAA,0.365286386940877,0.0119551921717301,0.341889427850644,0.388857937355836
L,CTA,-0.233388521425815,0.037469390852763,-0.306901514530182,-0.159959733486176
L,CTC,0.302867175856806,0.0535672933742374,0.197910338640213,0.408814579248428
L,TTA,0.250948374156753,0.0191463901369802,0.213840026035905,0.288718581199646
N,AAC,-0.315556473581791,0.013793928483514,-0.342898809164763,-0.288498315711816
P,CCA,-0.822616328154149,0.0326409938219301,-0.886956661939621,-0.759077250957489
P,CCC,0.30787531959037,0.0264150795546314,0.256307650605837,0.360278135289749
Q,CAA,-0.306064967573086,0.0178045552849059,-0.341410268843174,-0.271421452363332
R,AGA,-0.488136794633993,0.0253677746544635,-0.538438644260168,-0.439233914017677
R,CGA,0.0175781961765336,0.101285655841229,-0.182055830955505,0.214476466178894
R,CGC,0.449580117032925,0.0456898052705715,0.361918365458647,0.540788114070892
S,TCA,-0.11336219559547,0.0259864225266786,-0.164541929960251,-0.0628388226032257
S,TCC,0.0390475136552387,0.0123985230395997,0.0149408045690507,0.0633783105760813
T,ACA,-0.207512159907556,0.0293581725955335,-0.265137135982513,-0.150483727455139
T,ACC,-0.0523137651124969,0.0117372866336055,-0.0754476017629107,-0.0293536491847286
V,GTA,0.127783695239102,0.0319594601644304,0.06471186876297,0.190636277198792
V,GTC,-0.0143594597526876,0.0164249284006864,-0.0464703922470411,0.0179902776144445
Y,TAC,-0.265762091661493,0.026186568729305,-0.317110457271338,-0.214984306320548
Z,AGC,-0.0861204466170391,0.0214434280995133,-0.12810996286571,-0.044055707907925
