AA,Codon,Posterior,Std.Dev,X0.025.,X0.975.
A,GCA,-0.154436641463922,0.0119345622452781,-0.177822262048721,-0.131084948778152
A,GCC,0.0489349346463382,0.00403651475685583,0.0410413445283969,0.0568741299211979
C,TGC,0.425219425938527,0.0142693145194444,0.397393126785755,0.453220843027035
D,GAC,-0.10520361755689,0.00432355975778534,-0.113654548612734,-0.0967286893477042
E,GAA,-0.255061671275298,0.00605734573132054,-0.267045387625694,-0.243196859583259
F,TTC,-0.282524494645198,0.00558329949340809,-0.293493973712126,-0.271610925843318
G,GGA,0.225075595378176,0.0138721760508166,0.197864651679993,0.252318799495697
G,GGC,0.506464454392989,0.00796164263435008,0.490952098866304,0.522077018022537
H,CAC,-0.181280587684711,0.00752695290181411,-0.196050498882929,-0.166599439457059
I,ATC,-0.0846436375062664,0.00402828122239481,-0.0925526227802038,-0.0767611501117547
K,AAA,0.270067879233758,0.00436108181399746,0.261558769146601,0.278619377315044
L,CTA,-0.199467056001915,0.00966196560173997,-0.218345552682877,-0.180481046438217
L,CTC,0.368419857241294,0.0166307099670506,0.335960745811462,0.401083827018738
L,TTA,0.229317089476188,0.00448670804139469,0.220565182094773,0.238088238363465
N,AAC,-0.31208684792757,0.00571260692058226,-0.323319182793299,-0.300858922302723
P,CCA,-0.806564586371554,0.0158957005506372,-0.837868332862854,-0.775565817952156
P,CCC,0.252099295969407,0.0118093283963437,0.229132643093665,0.275282936791579
Q,CAA,-0.419611258329153,0.00943886761290519,-0.438143399109443,-0.401181959609191
R,AGA,-0.529962861406604,0.0102948690601801,-0.550084798131138,-0.509737207554281
R,CGA,0.138967927696753,0.0501363433780104,0.0410686731338501,0.237444281578064
R,CGC,0.681371412815253,0.0213640445567343,0.6397984623909,0.723454408347607
S,TCA,-0.0768145126488442,0.0119814647183278,-0.100287973880768,-0.0534706115722656
S,TCC,-0.0185242820294229,0.0046330482970856,-0.0275282951227079,-0.00937952448924382
T,ACA,-0.194533483685434,0.0122397988018894,-0.218729436397552,-0.170667082071304
T,ACC,-0.0489934141754856,0.0045496018021104,-0.0579188028660913,-0.0401133705551425
V,GTA,0.259138194285663,0.0105989768427302,0.238369435071945,0.280120521783829
V,GTC,-0.0521969251783192,0.00392033645247129,-0.0598550567403436,-0.044500745087862
Y,TAC,-0.283557288492521,0.00641768675806653,-0.296227020273606,-0.271050315846999
Z,AGC,0.100770710016191,0.0120043405950464,0.0772281050682068,0.124439370321731
