AA,Codon,Posterior,Std.Dev,X0.025.,X0.975.
A,GCA,-0.107756932226852,0.0355626627061098,-0.177769005298615,-0.0378871858119965
A,GCC,0.0401060896820854,0.0111240866053087,0.0185526426881552,0.062098329483221
C,TGC,0.167624158195779,0.0427606343342525,0.0852850352103511,0.252617497990529
D,GAC,-0.129979262703657,0.0147743718841715,-0.159471299499273,-0.101056494750083
E,GAA,-0.168655222066492,0.0175669082026079,-0.203462685023745,-0.134615020205577
F,TTC,-0.241280088105798,0.017919872287981,-0.276417639603217,-0.206093674773971
G,GGA,0.0974070533473853,0.0428319652572156,0.0114606618881226,0.181201785802841
G,GGC,0.313775777944922,0.0227581386445286,0.270041144887606,0.358764294534922
H,CAC,-0.199292226287723,0.022490114042789,-0.244028780361017,-0.156134021778901
I,ATC,-0.103527861659229,0.0134729243939735,-0.129970003416141,-0.0771324773629507
K,AAA,0.246028205239773,0.0113981616474588,0.224290150528153,0.268829061587652
L,CTA,-0.130280244348645,0.0267918190134425,-0.183715090155602,-0.0790930241346359
L,CTC,0.049317471972824,0.0354510873486019,-0.0192812383174896,0.119023770093918
L,TTA,0.147324448432773,0.0133307712560275,0.121900180913508,0.173484116792679
N,AAC,-0.278536107766628,0.0170520320397881,-0.312252753973007,-0.245727251470089
P,CCA,-0.629463820000158,0.0434746441468593,-0.71528223156929,-0.545161291956902
P,CCC,0.207831474449486,0.0333642687408003,0.144458983217676,0.274625041832527
Q,CAA,-0.255089582210779,0.0220005601273569,-0.299467118332783,-0.212604782481988
R,AGA,-0.430675044670547,0.0303026368566048,-0.490714147686958,-0.372589632868767
R,CGA,0.0802357522157082,0.120596841627883,-0.156512856483459,0.3167644739151
R,CGC,0.340040910710394,0.0448287929022571,0.255118636290232,0.431995278596878
S,TCA,-0.0308365271682919,0.0283738845532144,-0.0861286818981171,0.0248212814331055
S,TCC,-0.02846192296547,0.0117553880171629,-0.0514178407688936,-0.00549913172920546
T,ACA,-0.0833983475769082,0.0325551245432604,-0.146775394678116,-0.0211131274700165
T,ACC,-0.0443623046088615,0.0123593498188988,-0.068613119982183,-0.0204337587580085
V,GTA,0.182453656352147,0.0306182716083528,0.122831463813782,0.242433130741119
V,GTC,-0.0739054165925831,0.0115382999478378,-0.09679276222984,-0.051271654634426
Y,TAC,-0.273650546233356,0.0232641954844097,-0.320169636110465,-0.228227437163393
Z,AGC,-0.0623390988343235,0.0293286394651628,-0.118851080785195,-0.00419237217477834
