AA,Codon,Posterior,Std.Dev,X0.025.,X0.975.
A,GCA,-0.113599600590438,0.080429183262486,-0.272734582424164,0.042699933052063
A,GCC,0.156501805596301,0.0495370776045261,0.0605693078910311,0.254923108468453
C,TGC,0.365819556964114,0.295744236844964,-0.203938551122944,0.954259906212489
D,GAC,-0.079738175629752,0.0435495854091947,-0.164821084837119,0.00584948433097454
E,GAA,-0.186030758247545,0.0403675338749392,-0.265761369218429,-0.107792320474982
F,TTC,-0.117650074299079,0.0773477355389414,-0.268655060231686,0.0345607762224974
G,GGA,-0.0373274552897373,0.093515819842534,-0.221755862236023,0.142207115888596
G,GGC,0.100523897961056,0.0540907348863589,-0.00397956961145004,0.208604705085357
H,CAC,-0.292567333646364,0.0677010987168788,-0.425996565818787,-0.159962422649066
I,ATC,-0.203525953520651,0.0693968040470354,-0.340132321914037,-0.0671036851281919
K,AAA,0.437138173385064,0.0403433431676728,0.358696254342794,0.516784297923247
L,CTA,0.00413408096037022,0.107445329811148,-0.207235246896744,0.213865302503109
L,CTC,0.157359993333366,0.12698162181246,-0.089218407869339,0.406971335411072
L,TTA,0.452689254927635,0.0723168791461264,0.311000908911228,0.595582287510236
N,AAC,-0.348114281782905,0.0386658868134224,-0.424425611893336,-0.272470780958732
P,CCA,-0.620828310694846,0.0779190560675436,-0.775047272443771,-0.470310374163091
P,CCC,0.175156427496162,0.0630633069903192,0.0527835659993192,0.300409145156542
Q,CAA,-0.076774093483512,0.0492036664040971,-0.17394075418512,0.0190661031131943
R,AGA,-0.170595992271405,0.0738946650565207,-0.316967502236366,-0.0265734791755676
R,CGA,0.0591178421836632,0.196290870355036,-0.329934477806091,0.43711245059967
R,CGC,0.414826377050152,0.140303824731135,0.143917276710272,0.692816057801248
S,TCA,-0.00621970649094641,0.0624704698453878,-0.129831463098526,0.11529204249382
S,TCC,0.100945287532204,0.0406232267295826,0.0219742480355004,0.181790839384
T,ACA,-0.212580888173995,0.0748993814399183,-0.359996169805527,-0.0677255392074585
T,ACC,0.0707202515896943,0.0437885640456827,-0.0136492472840473,0.158034159739812
V,GTA,0.137988142003975,0.0858204847033675,-0.0302637964487076,0.305584482848644
V,GTC,-0.0167814163804572,0.0765573395032097,-0.16542039376994,0.135391220947107
Y,TAC,-0.0727245265069184,0.0708594361821774,-0.212590130418539,0.066329892724753
Z,AGC,-0.120982755404001,0.0571823354472487,-0.233035176744064,-0.00868124273450414
