AA,Codon,Posterior,Std.Dev,X0.025.,X0.975.
A,GCA,-0.191509782856744,0.0197882105951926,-0.230680048465729,-0.1534523665905
A,GCC,0.0570857412233949,0.00604933928433579,0.0451935293463369,0.0688150548686584
C,TGC,0.415952890661359,0.0200198302404111,0.376373600463072,0.454898567746083
D,GAC,-0.125441281616688,0.00489301236218763,-0.135101852938533,-0.115761714925369
E,GAA,-0.26958257406801,0.00930180008866383,-0.287933428088824,-0.251407217979431
F,TTC,-0.315312607580423,0.00925371827925293,-0.333685077726841,-0.297068779170513
G,GGA,0.0943087557234438,0.0153306223536379,0.0636816024780273,0.123954355716705
G,GGC,0.43163529329896,0.00800494206820225,0.415931381036838,0.4473981551826
H,CAC,-0.18768245164454,0.00946960449552137,-0.206090520694852,-0.169162015120188
I,ATC,-0.0966638694085181,0.00699213584612347,-0.110286437471708,-0.0829244753966729
K,AAA,0.275887878757715,0.00594577515802174,0.264434845745564,0.287484801063935
L,CTA,-0.266681220028212,0.0173020314194215,-0.301024913787842,-0.233752518892288
L,CTC,0.301975610908562,0.0288587927406473,0.246809780597687,0.358617722988129
L,TTA,0.234771047534049,0.00760588860390362,0.21969055570662,0.249613454565406
N,AAC,-0.3155477745682,0.00641609139311873,-0.328216914584239,-0.30327045917511
P,CCA,-0.851542062196967,0.0171951867048736,-0.88507080078125,-0.818055510520935
P,CCC,0.277934949079156,0.0128129803000556,0.252981308102608,0.302666379511356
Q,CAA,-0.454936322835088,0.0144109194346908,-0.483879382411639,-0.427010614673297
R,AGA,-0.574078128279727,0.0155746349238595,-0.604876775993034,-0.543760566040874
R,CGA,0.112837178816069,0.0694306493354353,-0.0226160287857056,0.247233629226685
R,CGC,0.615514394330978,0.0294696257523018,0.55958705196778,0.673102986315886
S,TCA,-0.106762940848354,0.0146449194341465,-0.13590332865715,-0.0786130130290985
S,TCC,-0.0117376819307386,0.00535341982891534,-0.0222819880582392,-0.00112687773556294
T,ACA,-0.204519839784334,0.0160177968653319,-0.236544221639633,-0.173347324132919
T,ACC,-0.0516843796288595,0.00544892578266579,-0.0623835998897751,-0.0409218332419793
V,GTA,0.200513942350615,0.017647610430262,0.166100233793259,0.234933614730835
V,GTC,-0.0558079761927947,0.00645801740558339,-0.0684765287364523,-0.043051459826529
Y,TAC,-0.296608470749855,0.00995927651330001,-0.316216429322958,-0.277104959388574
Z,AGC,0.0479723446700315,0.0139956783374433,0.0209916261645655,0.0753410504510005
