AA,Codon,Posterior,Std.Dev,X0.025.,X0.975.
A,GCA,-0.217332111464275,0.0654856857712767,-0.344466328620911,-0.0915756225585938
A,GCC,0.188353095803037,0.0369762292085022,0.117136759745578,0.261068558196227
C,TGC,-0.128603787040727,0.146214107240553,-0.418135839203993,0.159256233026584
D,GAC,-0.0951333425386554,0.031501166922399,-0.156269119804104,-0.033295909781009
E,GAA,-0.204934519468248,0.029140056205571,-0.263609094172716,-0.14901197279493
F,TTC,-0.224283788119815,0.0621588783870685,-0.346981310099363,-0.102399735649427
G,GGA,-0.0329918919736273,0.0730263610886767,-0.177772402763367,0.110092490911484
G,GGC,0.106551589145305,0.0424757459903598,0.0255885791499168,0.190081020941337
H,CAC,-0.303568222874403,0.0528474055106866,-0.406914763897657,-0.200720891853174
I,ATC,-0.112413674184163,0.0553961305125198,-0.221766917407513,-0.00415274553233768
K,AAA,0.446705032250285,0.0289441470931417,0.390370418379704,0.50274440596501
L,CTA,-0.0858736932434126,0.081574005858671,-0.24320113658905,0.0718618631362915
L,CTC,0.237691336003629,0.101270779160856,0.0448801219463348,0.440822243690491
L,TTA,0.30708917632848,0.051772617457252,0.20613144300878,0.407973111172517
N,AAC,-0.30800226470232,0.0295476452436372,-0.365804297477007,-0.249997873976827
P,CCA,-0.825357603172373,0.0623789070244897,-0.948253810405731,-0.70344603061676
P,CCC,0.221686829597503,0.0488530755601398,0.127688709522287,0.318586853643258
Q,CAA,-0.145190135386982,0.0372690397323771,-0.21838337443769,-0.0731725968420506
R,AGA,-0.175615146992838,0.0577862179801511,-0.290904521942139,-0.0645461231470108
R,CGA,-0.0914043133800691,0.162688769874045,-0.410639405250549,0.221932768821716
R,CGC,0.47320360846594,0.105716354847536,0.27379412005345,0.68557930936416
S,TCA,-0.0442632870809542,0.0456531779561082,-0.132717579603195,0.0448774993419647
S,TCC,0.19800233572945,0.02875992897356,0.141401986405253,0.254208647459745
T,ACA,-0.149208637910799,0.0528241995269779,-0.253327637910843,-0.0460529327392578
T,ACC,0.0166368781236245,0.0302504727142595,-0.0422907156248887,0.0764754196628928
V,GTA,-0.0592111401130281,0.0601220386976483,-0.177196852862835,0.0594395473599434
V,GTC,-0.0190406496648181,0.055921004073136,-0.128644838929176,0.092115182057023
Y,TAC,-0.171852073277979,0.0557583340317029,-0.280812171846628,-0.0639375930652022
Z,AGC,-0.262898122094572,0.0372988116499272,-0.336990119268497,-0.19037740988036
