AA,Codon,Posterior,Std.Dev,X0.025.,X0.975.
A,GCA,0.459017712188959,0.00588947762347623,0.447537328054508,0.470678722610076
A,GCC,-0.585070641029312,0.0103656829218386,-0.605399776250124,-0.564814414829016
G,GGA,0.881624539786975,0.00895813581136457,0.864108096063137,0.899228572845459
G,GGC,-0.232557643358854,0.011745580635767,-0.255757749080658,-0.209808796644211
I,ATA,0.844791628971895,0.00829474174611806,0.828558703760306,0.86095167050759
L,CTA,-0.234642164294105,0.00853280707084841,-0.251384496688843,-0.217890501022339
L,CTC,0.338980192255652,0.0149573886708115,0.309891641139984,0.368252098560333
P,CCA,-0.239064972213904,0.00595903232685922,-0.250834155579408,-0.227545669178168
P,CCC,-0.327128790426154,0.0169878060970985,-0.360339894890785,-0.293981820344925
R,CGA,1.81760507923444,0.0284757679111771,1.76260587672393,1.87386209468047
R,CGC,-1.06225805900263,0.0385201434613611,-1.13835024833679,-0.987529814243317
S,TCA,0.402197968880335,0.00655431715855058,0.389388365795215,0.415079575280348
S,TCC,-0.514781006266765,0.00991608413323518,-0.534377496689558,-0.495543228462338
T,ACA,0.371684102600813,0.00641453352203106,0.359206197659175,0.38429676219821
T,ACC,-0.634726583635315,0.0105240010531109,-0.655411425977945,-0.61423597112298
V,GTA,0.625314038825035,0.00801651040350885,0.609589579701424,0.641069301466147
V,GTC,-0.431335036686199,0.00702250464639915,-0.445061638951302,-0.417677145451307
