AA,Codon,Posterior,Std.Dev,X0.025.,X0.975.
A,GCA,-0.175827642522385,0.010975135634762,-0.197541087865829,-0.154416620731354
A,GCC,0.0497745802928507,0.00338836845122691,0.0431553160771728,0.0564654030837119
C,TGC,0.396284234343767,0.0125045114374748,0.371877292295297,0.420903692146142
D,GAC,-0.114554097677767,0.0037413183571081,-0.12191935510685,-0.107214503486951
E,GAA,-0.263282539934317,0.00547395430545798,-0.274126551300287,-0.252577314525843
F,TTC,-0.285600588471095,0.00499518905904226,-0.295413698256016,-0.275835286577543
G,GGA,0.161048599763596,0.01267526537098,0.136051654815674,0.185596585273743
G,GGC,0.488018525367975,0.00704840451747702,0.474214805662632,0.501964382827282
H,CAC,-0.185398306033015,0.00666801637799477,-0.198499256124099,-0.172344884028037
I,ATC,-0.0916686909074585,0.00353136562367356,-0.0985484521215161,-0.0847499292964737
K,AAA,0.268228191779057,0.00382216441037073,0.260727400581042,0.275723888973395
L,CTA,-0.223742995010967,0.00885494717014582,-0.241068154573441,-0.20636773109436
L,CTC,0.328081022972514,0.0147358590227865,0.299336552619934,0.356830418109894
L,TTA,0.230359841666023,0.00398648795487704,0.222599398220579,0.238188751166066
N,AAC,-0.318687749985059,0.00514864153690335,-0.328804144759973,-0.308621955911318
P,CCA,-0.832465002100148,0.0147125473792663,-0.861573696136475,-0.803857296705246
P,CCC,0.266271461756428,0.011070324439853,0.244563245028257,0.287991450975339
Q,CAA,-0.430552308077812,0.00857985258055545,-0.447420740872622,-0.413758363823096
R,AGA,-0.551827525114869,0.00959821190876879,-0.570661813952029,-0.533222308382392
R,CGA,0.12152989884904,0.043542449959123,0.0360962152481079,0.207475423812866
R,CGC,0.633817093249162,0.0188011194857889,0.597186483939489,0.670902574559053
S,TCA,-0.0893166342226944,0.0106965305441192,-0.110400080680847,-0.0684143304824829
S,TCC,-0.0232662931235135,0.00391873888788351,-0.0309268746059388,-0.015595952134269
T,ACA,-0.209817967879083,0.0111545293753212,-0.231657803058624,-0.187889933586121
T,ACC,-0.0532244849997759,0.00386417729810958,-0.0608223237718145,-0.0456347167491913
V,GTA,0.249137908924411,0.00957266119802934,0.230383366346359,0.26800400018692
V,GTC,-0.0551588565942645,0.00330191970715752,-0.0616704102605581,-0.0486730075441301
Y,TAC,-0.295407584118446,0.00571906382288137,-0.306670985619227,-0.284134469429652
Z,AGC,0.0831481650828819,0.0102022653038543,0.0631246233358979,0.103273944929242
