AA,Codon,Posterior,Std.Dev,X0.025.,X0.975.
A,GCA,-0.244711353506235,0.0475312316035732,-0.337694764137268,-0.154314339160919
A,GCC,0.158179681302607,0.0263252489578366,0.107374683208764,0.210051970059673
C,TGC,0.0294606057813762,0.119534242735756,-0.204829891150196,0.265620941917101
D,GAC,-0.0966275780014694,0.0218375899373764,-0.139147500321269,-0.0529928797855973
E,GAA,-0.20716285161674,0.0208689488818142,-0.248903042326371,-0.166808346410592
F,TTC,-0.233298251345009,0.0421244326177485,-0.315634655207396,-0.151991493130724
G,GGA,-0.0546143000816753,0.0548354459469265,-0.163846850395203,0.0522730350494385
G,GGC,0.146695204029232,0.0304679489650001,0.0869855129470428,0.206898171082139
H,CAC,-0.248691479703039,0.0385705117013934,-0.324604253222545,-0.173793528353175
I,ATC,-0.157671965283679,0.0379658245561632,-0.233254109571377,-0.0825258566066623
K,AAA,0.395602786681056,0.0205004353600777,0.356459758679072,0.435954526811838
L,CTA,-0.153250738260222,0.0565071802743633,-0.264815926551819,-0.0404176414012909
L,CTC,0.253799496048892,0.0731420054214346,0.11344176530838,0.398960649967194
L,TTA,0.258760006219149,0.0338391458551892,0.193134958917896,0.325930486867825
N,AAC,-0.311315130713582,0.0210825404848514,-0.352004090696573,-0.269821613281965
P,CCA,-0.849122309117672,0.0469845622225697,-0.94416917860508,-0.759096950292587
P,CCC,0.240918960406631,0.0361406824553821,0.170680049682657,0.31317762658
Q,CAA,-0.165033217007667,0.0262210345244143,-0.216471113140384,-0.113938937708735
R,AGA,-0.36016678622297,0.039155399991829,-0.438798417337239,-0.284562341868877
R,CGA,-0.031722402521377,0.128756051318453,-0.289309620857239,0.216866970062256
R,CGC,0.365005413292348,0.070256904509096,0.227404159804185,0.505496119956175
S,TCA,-0.106590166519599,0.0351985223621562,-0.176884591579437,-0.038386732339859
S,TCC,0.150120959046483,0.0211755632141626,0.109314979426563,0.192264031618834
T,ACA,-0.174283895075005,0.0402737160132791,-0.254221200942993,-0.0961726307868958
T,ACC,-0.020123018535531,0.0223105076158211,-0.0634987340619167,0.0246554193397363
V,GTA,0.0583358526687278,0.0451442021256375,-0.0289183855056763,0.148896068334579
V,GTC,-0.0107877773809437,0.036610940536178,-0.082893986813724,0.0606504001033802
Y,TAC,-0.179029382782429,0.0414348943442303,-0.26093378563722,-0.0985904615993301
Z,AGC,-0.198509709177911,0.0289737651856036,-0.2545044777294,-0.14198458964626
