AA,Codon,Posterior,Std.Dev,X0.025.,X0.975.
A,GCA,-0.17867181362146,0.0472144692981969,-0.272785514593124,-0.0887938439846039
A,GCC,0.0826723361238837,0.0135167188408525,0.0563501196292539,0.10941028141727
C,TGC,0.343207829654653,0.229079459810869,-0.0491391794445614,0.846580586334069
D,GAC,-0.127116554309428,0.0207077599684854,-0.168226834883293,-0.0865930076688528
E,GAA,-0.240207847839594,0.0158601684664254,-0.271574948479732,-0.209458350514372
F,TTC,-0.236418463012576,0.0381155038172327,-0.313908967872461,-0.163935662433505
G,GGA,-0.216497549762393,0.150131249079234,-0.518566310405731,0.0648608803749084
G,GGC,0.471965936383605,0.0860877468862926,0.312492892891169,0.644735132157803
H,CAC,-0.180786309629492,0.0432299809270811,-0.267403894662857,-0.0975893324241042
I,ATC,-0.127799819675088,0.027851808670618,-0.183147105450432,-0.0740681791678072
K,AAA,0.352412071615458,0.0154338743678174,0.32297735636433,0.383058424293995
L,CTA,-0.199296070115469,0.0500615248971743,-0.299219280481339,-0.103053599596024
L,CTC,0.367035358846217,0.0802990438173291,0.210756838321686,0.526938557624817
L,TTA,0.279059335577488,0.0256372483984756,0.23056626667579,0.330493427813053
N,AAC,-0.320081647609174,0.0293910833975702,-0.378585521131754,-0.263572075217962
P,CCA,-0.792490805233832,0.134840059845751,-1.06621116399765,-0.538845911622047
P,CCC,0.264724103677704,0.100503516518569,0.0712341849381725,0.466264116267363
Q,CAA,-0.293155521811545,0.024584384910725,-0.342087487131357,-0.24571280553937
R,AGA,-0.47864910411477,0.035773717253452,-0.550387982279062,-0.409434579312801
R,CGA,-0.304766039456883,0.162175591406306,-0.624376654624939,0.00791168212890625
R,CGC,0.612948891615868,0.0770652472200466,0.46815335676074,0.767880162099997
S,TCA,-0.0205715404380716,0.0622693822899064,-0.148434996604919,0.101166039705276
S,TCC,-0.00252925105463644,0.0244117478857155,-0.0491875468753278,0.0464401126218339
T,ACA,-0.111052404216392,0.0742406375127347,-0.257456123828888,0.0309446454048157
T,ACC,-0.107638835645141,0.0293281101709521,-0.165706094975273,-0.0506145263711612
V,GTA,0.175638424194422,0.0627160775037656,0.0537015199661255,0.297402292490005
V,GTC,-0.0594921996936344,0.0288127054371465,-0.115428791070978,-0.0019915300324405
Y,TAC,-0.331621384528279,0.0487172927020728,-0.427939999103546,-0.237847460930546
Z,AGC,0.00742243872815934,0.0497687584850207,-0.091299119591713,0.106352089966337
