AA,Codon,Posterior,Std.Dev,X0.025.,X0.975.
A,GCA,-0.154844056500898,0.0379813120241769,-0.23066833615303,-0.0807573795318604
A,GCC,0.0585711255867034,0.00801793368952429,0.0429728814090292,0.0741510132948558
C,TGC,0.380020648300648,0.0407252306961771,0.303824491302172,0.463046549508969
D,GAC,-0.115084795286506,0.00703213566884828,-0.129018198077877,-0.10123163536191
E,GAA,-0.260371744640172,0.0150339136737412,-0.290529095878204,-0.231422866632541
F,TTC,-0.278936784097552,0.0144128610764545,-0.307433922588825,-0.25106109281381
G,GGA,0.097567197513895,0.033043579796155,0.0338613390922546,0.161827445030212
G,GGC,0.419762929728627,0.0147327027527886,0.391481084873279,0.448535251865784
H,CAC,-0.20341640291065,0.0141632547817545,-0.231599623585741,-0.176290493831038
I,ATC,-0.105988216709346,0.00956737425477782,-0.124816929983596,-0.0869547862559557
K,AAA,0.304296529141068,0.00954476982952907,0.285652154932419,0.323268563052018
L,CTA,-0.239660742577643,0.0312785195463687,-0.302491009235382,-0.179065585136414
L,CTC,0.437210998440633,0.062561041470133,0.317176342010498,0.563590109348297
L,TTA,0.227410538612306,0.011370234594187,0.205749792357286,0.249984793861707
N,AAC,-0.337152733999491,0.0119249036677554,-0.360641330480576,-0.313777216772238
P,CCA,-0.846807401518907,0.0364433128089247,-0.919682532548904,-0.77582448720932
P,CCC,0.259192671790719,0.0249456767545545,0.210738868887226,0.308624312778314
Q,CAA,-0.514727845945954,0.0294699116341161,-0.572549253702164,-0.457522740215063
R,AGA,-0.569293399528349,0.0288943520728165,-0.627234220504761,-0.513828076422215
R,CGA,-0.203895333218296,0.194755527277752,-0.593742847442627,0.16890549659729
R,CGC,0.573223278948665,0.0570236766648632,0.465592747430007,0.688797950744629
S,TCA,-0.0924376743118258,0.031195445300658,-0.153426468372345,-0.032037615776062
S,TCC,-0.00793239063943224,0.0077226434693544,-0.0231679078346739,0.00727178436548758
T,ACA,-0.214481413644524,0.0343910562782009,-0.284550786018372,-0.150334894657135
T,ACC,-0.0431384318778291,0.00749591061046793,-0.0578547641014059,-0.0283961687857906
V,GTA,0.233112241241792,0.0349593994078446,0.164494931697845,0.301307588815689
V,GTC,-0.0441493523853831,0.00822699212173982,-0.0602038219571114,-0.0281417695960651
Y,TAC,-0.347808981969953,0.0187395800544537,-0.385010538746913,-0.311603198200464
Z,AGC,0.0381815841768944,0.0275192122028323,-0.0156941642519087,0.0937605939184626
