AA,Codon,Posterior,Std.Dev,X0.025.,X0.975.
A,GCA,-0.200123201279792,0.0165451693623524,-0.232710748910904,-0.167598187923431
A,GCC,0.057166351602599,0.0047872887081119,0.0476865504868329,0.0664999287575483
C,TGC,0.392835827669501,0.0257106523841979,0.343784841150045,0.444958981126547
D,GAC,-0.110797557716817,0.00659472526924109,-0.123799254062275,-0.0978390286366145
E,GAA,-0.260540755864978,0.00711880248041738,-0.27461774845918,-0.246724734827876
F,TTC,-0.256506873466074,0.00870343002586676,-0.273732149849335,-0.239556108415127
G,GGA,0.21171587305705,0.0342862422306772,0.145122528076172,0.279677093029022
G,GGC,0.565415892025828,0.021780919091653,0.523172834018866,0.608729191124439
H,CAC,-0.18053981898576,0.0117606125729775,-0.203484866395593,-0.157998354608814
I,ATC,-0.0886531502373517,0.00592550462569406,-0.100289354845881,-0.0771455718204379
K,AAA,0.274810793405771,0.00574434047111507,0.263710615535577,0.28602204794685
L,CTA,-0.211885950640671,0.0132335587147538,-0.237486600875854,-0.186186194419861
L,CTC,0.342610000509129,0.0232300164852113,0.297789931297302,0.388908386230469
L,TTA,0.227231756258011,0.00607541723231842,0.215352893993258,0.239074238762259
N,AAC,-0.317725310876966,0.0100925084109732,-0.337389799207449,-0.298302451024453
P,CCA,-0.772838809715845,0.0359774479289222,-0.84480793774128,-0.703739374876022
P,CCC,0.31777845954299,0.0278847923667647,0.262923738608758,0.3737728767097
Q,CAA,-0.407263041928411,0.0121055692882413,-0.431476165105899,-0.383960280319055
R,AGA,-0.531117293490845,0.0139114821527345,-0.558786792680621,-0.504356872290373
R,CGA,0.0172758432712904,0.0661861991622357,-0.111917853355408,0.148831129074097
R,CGC,0.606874548971653,0.0282731775007585,0.553393348058065,0.663038551807404
S,TCA,-0.0738266742196086,0.020557481053215,-0.114760369062424,-0.0344162285327911
S,TCC,-0.0211303990146389,0.00747813228120207,-0.0355541922462483,-0.00641626394353807
T,ACA,-0.219688589028055,0.0221465235798104,-0.263244181871414,-0.176883369684219
T,ACC,-0.061478558396548,0.00746801745157432,-0.0761247815564275,-0.0468040343684455
V,GTA,0.261860093856714,0.0173713104335654,0.22824701666832,0.29565092921257
V,GTC,-0.0509771080007777,0.00612676950753368,-0.0629899992297093,-0.0387450548820198
Y,TAC,-0.286117818555236,0.00990413705383593,-0.305863130837679,-0.267252705494563
Z,AGC,0.0850303645245731,0.0197933240340678,0.0457002138098081,0.123942190905412
