AA,Codon,Posterior,Std.Dev,X0.025.,X0.975.
A,GCA,-0.116277487163138,0.0827821312248118,-0.280308216810226,0.044546365737915
A,GCC,0.129430542863155,0.049810027464104,0.0330950246192515,0.227125195662181
C,TGC,0.337246338424466,0.298788995834885,-0.22886958780388,0.934362749755382
D,GAC,-0.0626380274504452,0.0453700086646639,-0.151036110768716,0.0271631996768216
E,GAA,-0.190739989135647,0.0419992062354107,-0.273732288430134,-0.107949293528994
F,TTC,-0.118741714113681,0.0812957828891438,-0.276047260810932,0.0402308652177453
G,GGA,-0.00535730630645107,0.0963884326715749,-0.194558143615723,0.181435704231262
G,GGC,0.10565548559484,0.0569775926451468,-0.00344611758094591,0.216359222431977
H,CAC,-0.297277276987396,0.0700342504736677,-0.435908873627583,-0.158545988053084
I,ATC,-0.195708516670717,0.071955860943999,-0.33759321992596,-0.0534619495893518
K,AAA,0.468672901466489,0.0424402324548034,0.38532830302914,0.5523571078976
L,CTA,0.0421806327442135,0.113375488445629,-0.177785336971283,0.264254808425903
L,CTC,0.150129719731295,0.135336862300632,-0.112114459276199,0.419734507799149
L,TTA,0.461756683023274,0.0763749804039014,0.314313000192245,0.611659444868564
N,AAC,-0.356849721863866,0.0400275352746403,-0.435800070315599,-0.278169344613949
P,CCA,-0.66768766980282,0.0803193160674739,-0.829874217510223,-0.513417512178421
P,CCC,0.177785502700962,0.0643121102269211,0.0538731191617747,0.304147658248742
Q,CAA,-0.0536496473060994,0.0508341238073927,-0.152350520839294,0.0444007169144849
R,AGA,-0.174138468160498,0.0760501663930322,-0.321998737752438,-0.0253449529409409
R,CGA,0.140161710129465,0.200160592514544,-0.250242829322815,0.532506346702576
R,CGC,0.44118921731083,0.143494802700281,0.165634727353851,0.727875851094723
S,TCA,-0.00320874001846088,0.0642634182203118,-0.130263388156891,0.122139662504196
S,TCC,0.104111566466492,0.0423108657175704,0.0233122343663126,0.188867013777296
T,ACA,-0.211182633381154,0.07754731311252,-0.363435506820679,-0.0624432563781738
T,ACC,0.0849005737242321,0.0455266232268387,-0.00373081598663703,0.17408765728275
V,GTA,0.153250019024608,0.0886136274344745,-0.0206165313720703,0.326750628650188
V,GTC,-0.0315767011499833,0.0809614438264843,-0.190472162763278,0.126077547296882
Y,TAC,-0.0732437771137429,0.074416279622045,-0.216319264099002,0.0727714066704114
Z,AGC,-0.126161646813863,0.0584639497128945,-0.237589352205396,-0.0103690356248991
